x1,y1
0,1
0.500250125,0.997588066
1.00050025,0.995177171
1.500750375,0.992767319
2.0010005,0.990358513
2.501250625,0.987950759
3.00150075,0.985544058
3.501750875,0.983138416
4.002001001,0.980733835
4.502251126,0.978330319
5.002501251,0.975927874
5.502751376,0.973526501
6.003001501,0.971126205
6.503251626,0.96872699
7.003501751,0.96632886
7.503751876,0.963931819
8.004002001,0.961535871
8.504252126,0.959141019
9.004502251,0.956747267
9.504752376,0.95435462
10.0050025,0.951963082
10.50525263,0.949572656
11.00550275,0.947183347
11.50575288,0.944795159
12.006003,0.942408095
12.50625313,0.94002216
13.00650325,0.937637359
13.50675338,0.935253694
14.0070035,0.932871171
14.50725363,0.930489793
15.00750375,0.928109565
15.50775388,0.925730491
16.008004,0.923352576
16.50825413,0.920975826
17.00850425,0.918600245
17.50875438,0.916225837
18.0090045,0.913852606
18.50925463,0.911480556
19.00950475,0.909109691
19.50975488,0.906740016
20.010005,0.904371535
20.51025513,0.902004252
21.01050525,0.899638171
21.51075538,0.897273297
22.0110055,0.894909634
22.51125563,0.892547186
23.01150575,0.890185959
23.51175588,0.887825956
24.012006,0.885467181
24.51225613,0.88310964
25.01250625,0.880753337
25.51275638,0.878398277
26.0130065,0.876044464
26.51325663,0.873691902
27.01350675,0.871340597
27.51375688,0.868990553
28.014007,0.866641775
28.51425713,0.864294267
29.01450725,0.861948035
29.51475738,0.859603083
30.0150075,0.857259417
30.51525763,0.85491704
31.01550775,0.852575958
31.51575788,0.850236176
32.016008,0.847897698
32.51625813,0.845560531
33.01650825,0.843224678
33.51675838,0.840890145
34.0170085,0.838556937
34.51725863,0.836225059
35.01750875,0.833894517
35.51775888,0.831565315
36.018009,0.829237458
36.51825913,0.826910953
37.01850925,0.824585803
37.51875938,0.822262015
38.0190095,0.819939594
38.51925963,0.817618545
39.01950975,0.815298874
39.51975988,0.812980585
40.02001001,0.810663685
40.52026013,0.808348179
41.02051026,0.806034073
41.52076038,0.803721371
42.02101051,0.80141008
42.52126063,0.799100205
43.02151076,0.796791752
43.52176088,0.794484727
44.02201101,0.792179134
44.52226113,0.789874981
45.02251126,0.787572272
45.52276138,0.785271014
46.02301151,0.782971211
46.52326163,0.780672871
47.02351176,0.778375999
47.52376188,0.776080601
48.02401201,0.773786683
48.52426213,0.771494251
49.02451226,0.76920331
49.52476238,0.766913867
50.02501251,0.764625929
50.52526263,0.7623395
51.02551276,0.760054587
51.52576288,0.757771196
52.02601301,0.755489334
52.52626313,0.753209007
53.02651326,0.750930221
53.52676338,0.748652981
54.02701351,0.746377296
54.52726363,0.74410317
55.02751376,0.74183061
55.52776388,0.739559623
56.02801401,0.737290214
56.52826413,0.735022392
57.02851426,0.732756161
57.52876438,0.730491528
58.02901451,0.728228501
58.52926463,0.725967085
59.02951476,0.723707288
59.52976488,0.721449115
60.03001501,0.719192573
60.53026513,0.71693767
61.03051526,0.714684412
61.53076538,0.712432805
62.03101551,0.710182857
62.53126563,0.707934574
63.03151576,0.705687963
63.53176588,0.703443031
64.03201601,0.701199785
64.53226613,0.698958232
65.03251626,0.696718378
65.53276638,0.694480232
66.03301651,0.692243799
66.53326663,0.690009087
67.03351676,0.687776103
67.53376688,0.685544854
68.03401701,0.683315347
68.53426713,0.68108759
69.03451726,0.67886159
69.53476738,0.676637353
70.03501751,0.674414887
70.53526763,0.6721942
71.03551776,0.669975299
71.53576788,0.66775819
72.03601801,0.665542883
72.53626813,0.663329383
73.03651826,0.661117698
73.53676838,0.658907837
74.03701851,0.656699806
74.53726863,0.654493613
75.03751876,0.652289265
75.53776888,0.65008677
76.03801901,0.647886136
76.53826913,0.645687371
77.03851926,0.643490482
77.53876938,0.641295476
78.03901951,0.639102362
78.53926963,0.636911139
79.03951976,0.634721808
79.53976988,0.632534376
80.04002001,0.630348852
80.54027014,0.628165246
81.04052026,0.625983565
81.54077039,0.623803819
82.04102051,0.621626016
82.54127064,0.619450166
83.04152076,0.617276277
83.54177089,0.615104358
84.04202101,0.612934418
84.54227114,0.610766467
85.04252126,0.608600513
85.54277139,0.606436566
86.04302151,0.604274634
86.54327164,0.602114727
87.04352176,0.599956855
87.54377189,0.597801027
88.04402201,0.595647252
88.54427214,0.593495539
89.04452226,0.591345898
89.54477239,0.58919834
90.04502251,0.587052872
90.54527264,0.584909505
91.04552276,0.582768249
91.54577289,0.580629113
92.04602301,0.578492108
92.54627314,0.576357242
93.04652326,0.574224526
93.54677339,0.57209397
94.04702351,0.569965584
94.54727364,0.567839377
95.04752376,0.565715361
95.54777389,0.563593544
96.04802401,0.561473938
96.54827414,0.559356552
97.04852426,0.557241397
97.54877439,0.555128483
98.04902451,0.55301782
98.54927464,0.55090942
99.04952476,0.548803291
99.54977489,0.546699445
100.050025,0.544597893
100.5502751,0.542498644
101.0505253,0.54040171
101.5507754,0.538307102
102.0510255,0.536214829
102.5512756,0.534124904
103.0515258,0.532037336
103.5517759,0.529952137
104.052026,0.527869317
104.5522761,0.525788888
105.0525263,0.523710861
105.5527764,0.521635246
106.0530265,0.519562055
106.5532766,0.517491299
107.0535268,0.515422989
107.5537769,0.513357137
108.054027,0.511293754
108.5542771,0.509232851
109.0545273,0.50717444
109.5547774,0.505118532
110.0550275,0.503065139
110.5552776,0.501014271
111.0555278,0.498965942
111.5557779,0.496920163
112.056028,0.494876944
112.5562781,0.492836299
113.0565283,0.490798238
113.5567784,0.488762774
114.0570285,0.486729919
114.5572786,0.484699684
115.0575288,0.482672082
115.5577789,0.480647124
116.058029,0.478624823
116.5582791,0.476605191
117.0585293,0.47458824
117.5587794,0.472573983
118.0590295,0.470562431
118.5592796,0.468553596
119.0595298,0.466547493
119.5597799,0.464544132
120.06003,0.462543526
120.5602801,0.460545688
121.0605303,0.45855063
121.5607804,0.456558365
122.0610305,0.454568906
122.5612806,0.452582266
123.0615308,0.450598456
123.5617809,0.44861749
124.062031,0.446639382
124.5622811,0.444664143
125.0625313,0.442691787
125.5627814,0.440722326
126.0630315,0.438755775
126.5632816,0.436792145
127.0635318,0.43483145
127.5637819,0.432873704
128.064032,0.430918919
128.5642821,0.428967109
129.0645323,0.427018287
129.5647824,0.425072467
130.0650325,0.423129662
130.5652826,0.421189885
131.0655328,0.419253151
131.5657829,0.417319472
132.066033,0.415388862
132.5662831,0.413461336
133.0665333,0.411536906
133.5667834,0.409615586
134.0670335,0.407697391
134.5672836,0.405782334
135.0675338,0.403870429
135.5677839,0.401961691
136.068034,0.400056132
136.5682841,0.398153768
137.0685343,0.396254612
137.5687844,0.394358679
138.0690345,0.392465982
138.5692846,0.390576536
139.0695348,0.388690355
139.5697849,0.386807455
140.070035,0.384927848
140.5702851,0.383051549
141.0705353,0.381178574
141.5707854,0.379308936
142.0710355,0.377442651
142.5712856,0.375579732
143.0715358,0.373720195
143.5717859,0.371864054
144.072036,0.370011324
144.5722861,0.36816202
145.0725363,0.366316156
145.5727864,0.364473749
146.0730365,0.362634812
146.5732866,0.36079936
147.0735368,0.35896741
147.5737869,0.357138976
148.074037,0.355314072
148.5742871,0.353492715
149.0745373,0.35167492
149.5747874,0.349860701
150.0750375,0.348050075
150.5752876,0.346243057
151.0755378,0.344439661
151.5757879,0.342639905
152.076038,0.340843802
152.5762881,0.33905137
153.0765383,0.337262623
153.5767884,0.335477577
154.0770385,0.333696249
154.5772886,0.331918653
155.0775388,0.330144805
155.5777889,0.328374722
156.078039,0.32660842
156.5782891,0.324845914
157.0785393,0.323087221
157.5787894,0.321332356
158.0790395,0.319581336
158.5792896,0.317834177
159.0795398,0.316090895
159.5797899,0.314351507
160.08004,0.312616028
160.5802901,0.310884476
161.0805403,0.309156866
161.5807904,0.307433215
162.0810405,0.30571354
162.5812906,0.303997857
163.0815408,0.302286182
163.5817909,0.300578533
164.082041,0.298874927
164.5822911,0.297175379
165.0825413,0.295479907
165.5827914,0.293788527
166.0830415,0.292101257
166.5832916,0.290418114
167.0835418,0.288739114
167.5837919,0.287064274
168.084042,0.285393612
168.5842921,0.283727145
169.0845423,0.28206489
169.5847924,0.280406863
170.0850425,0.278753084
170.5852926,0.277103568
171.0855428,0.275458334
171.5857929,0.273817398
172.086043,0.272180778
172.5862931,0.270548492
173.0865433,0.268920557
173.5867934,0.267296991
174.0870435,0.265677812
174.5872936,0.264063036
175.0875438,0.262452683
175.5877939,0.26084677
176.088044,0.259245315
176.5882941,0.257648335
177.0885443,0.256055849
177.5887944,0.254467874
178.0890445,0.252884429
178.5892946,0.251305489
179.0895448,0.249731047
179.5897949,0.248161126
180.090045,0.246595751
180.5902951,0.245034944
181.0905453,0.243478728
181.5907954,0.241927126
182.0910455,0.24038016
182.5912956,0.238837853
183.0915458,0.237300228
183.5917959,0.235767306
184.092046,0.234239108
184.5922961,0.232715657
185.0925463,0.231196973
185.5927964,0.229683078
186.0930465,0.228173994
186.5932966,0.226669739
187.0935468,0.225170336
187.5937969,0.223675805
188.094047,0.222186165
188.5942971,0.220701437
189.0945473,0.21922164
189.5947974,0.217746794
190.0950475,0.216276918
190.5952976,0.214812031
191.0955478,0.213352153
191.5957979,0.211897302
192.096048,0.210447497
192.5962981,0.209002755
193.0965483,0.207563096
193.5967984,0.206128536
194.0970485,0.204699095
194.5972986,0.203274788
195.0975488,0.201855634
195.5977989,0.20044165
196.098049,0.199032852
196.5982991,0.197629258
197.0985493,0.196230883
197.5987994,0.194837745
198.0990495,0.193449859
198.5992996,0.192067241
199.0995498,0.190689907
199.5997999,0.189317872
200.10005,0.187951152
200.6003002,0.186589762
201.1005503,0.185233717
201.6008004,0.183883031
202.1010505,0.182537719
202.6013007,0.181197795
203.1015508,0.179863273
203.6018009,0.178534168
204.102051,0.177210493
204.6023012,0.175892261
205.1025513,0.174579485
205.6028014,0.173272179
206.1030515,0.171970356
206.6033017,0.170674029
207.1035518,0.169383209
207.6038019,0.168097909
208.104052,0.166818141
208.6043022,0.165543918
209.1045523,0.16427525
209.6048024,0.163012149
210.1050525,0.161754627
210.6053027,0.160502694
211.1055528,0.159256361
211.6058029,0.15801564
212.106053,0.15678054
212.6063032,0.155551072
213.1065533,0.154327246
213.6068034,0.153109071
214.1070535,0.151896558
214.6073037,0.150689715
215.1075538,0.149488553
215.6078039,0.148293079
216.108054,0.147103304
216.6083042,0.145919235
217.1085543,0.144740881
217.6088044,0.14356825
218.1090545,0.142401351
218.6093047,0.141240191
219.1095548,0.140084778
219.6098049,0.138935119
220.110055,0.137791221
220.6103052,0.136653092
221.1105553,0.135520738
221.6108054,0.134394166
222.1110555,0.133273382
222.6113057,0.132158393
223.1115558,0.131049205
223.6118059,0.129945823
224.112056,0.128848253
224.6123062,0.1277565
225.1125563,0.126670571
225.6128064,0.125590469
226.1130565,0.124516199
226.6133067,0.123447767
227.1135568,0.122385176
227.6138069,0.12132843
228.114057,0.120277535
228.6143072,0.119232493
229.1145573,0.118193308
229.6148074,0.117159984
230.1150575,0.116132523
230.6153077,0.11511093
231.1155578,0.114095205
231.6158079,0.113085353
232.116058,0.112081375
232.6163082,0.111083274
233.1165583,0.110091052
233.6168084,0.10910471
234.1170585,0.10812425
234.6173087,0.107149674
235.1175588,0.106180982
235.6178089,0.105218175
236.118059,0.104261255
236.6183092,0.103310222
237.1185593,0.102365077
237.6188094,0.101425818
238.1190595,0.100492447
238.6193097,0.099564943
239.1195598,0.098643272
239.6198099,0.097727431
240.12006,0.096817421
240.6203102,0.095913241
241.1205603,0.095014888
241.6208104,0.094122362
242.1210605,0.093235659
242.6213107,0.092354777
243.1215608,0.091479714
243.6218109,0.090610465
244.122061,0.089747027
244.6223112,0.088889396
245.1225613,0.088037567
245.6228114,0.087191534
246.1230615,0.086351294
246.6233117,0.085516839
247.1235618,0.084688164
247.6238119,0.083865262
248.124062,0.083048126
248.6243122,0.082236749
249.1245623,0.081431124
249.6248124,0.080631241
250.1250625,0.079837093
250.6253127,0.07904867
251.1255628,0.078265964
251.6258129,0.077488965
252.126063,0.076717662
252.6263132,0.075952046
253.1265633,0.075192105
253.6268134,0.074437829
254.1270635,0.073689205
254.6273137,0.072946221
255.1275638,0.072208866
255.6278139,0.071477127
256.128064,0.070750989
256.6283142,0.070030441
257.1285643,0.069315467
257.6288144,0.068606054
258.1290645,0.067902187
258.6293147,0.06720385
259.1295648,0.066511028
259.6298149,0.065823706
260.130065,0.065141867
260.6303152,0.064465495
261.1305653,0.063794572
261.6308154,0.06312908
262.1310655,0.062469003
262.6313157,0.061814322
263.1315658,0.061165018
263.6318159,0.060521072
264.132066,0.059882466
264.6323162,0.059249178
265.1325663,0.05862119
265.6328164,0.057998479
266.1330665,0.057381027
266.6333167,0.056768811
267.1335668,0.056161809
267.6338169,0.05556
268.134067,0.05496336
268.6343172,0.054371868
269.1345673,0.053785499
269.6348174,0.053204231
270.1350675,0.052628039
270.6353177,0.052056898
271.1355678,0.051490784
271.6358179,0.050929672
272.136068,0.050373536
272.6363182,0.04982235
273.1365683,0.049276088
273.6368184,0.048734723
274.1370685,0.048198227
274.6373187,0.047666574
275.1375688,0.047139735
275.6378189,0.046617682
276.138069,0.046100386
276.6383192,0.045587818
277.1385693,0.045079949
277.6388194,0.044576749
278.1390695,0.044078188
278.6393197,0.043584234
279.1395698,0.043094858
279.6398199,0.042610027
280.14007,0.042129709
280.6403202,0.041653868
281.1405703,0.04118245
281.6408204,0.040715432
282.1410705,0.040252792
282.6413207,0.039794508
283.1415708,0.039340557
283.6418209,0.038890917
284.142071,0.038445566
284.6423212,0.038004483
285.1425713,0.037567643
285.6428214,0.037135024
286.1430715,0.036706604
286.6433217,0.036282359
287.1435718,0.035862267
287.6438219,0.035446304
288.144072,0.035034447
288.6443222,0.034626673
289.1445723,0.034222957
289.6448224,0.033823276
290.1450725,0.033427607
290.6453227,0.033035925
291.1455728,0.032648206
291.6458229,0.032264426
292.146073,0.031884561
292.6463232,0.031508586
293.1465733,0.031136477
293.6468234,0.030768208
294.1470735,0.030403756
294.6473237,0.030043094
295.1475738,0.029686199
295.6478239,0.029333044
296.148074,0.028983605
296.6483242,0.028637855
297.1485743,0.02829577
297.6488244,0.027957323
298.1490745,0.027622489
298.6493247,0.027291242
299.1495748,0.026963556
299.6498249,0.026639404
300.150075,0.026318759
300.6503252,0.026001597
301.1505753,0.025687889
301.6508254,0.02537761
302.1510755,0.025070732
302.6513257,0.024767228
303.1515758,0.024467071
303.6518259,0.024170235
304.152076,0.023876691
304.6523262,0.023586412
305.1525763,0.023299371
305.6528264,0.02301554
306.1530765,0.02273489
306.6533267,0.022457394
307.1535768,0.022183025
307.6538269,0.021911752
308.154077,0.021643549
308.6543272,0.021378387
309.1545773,0.021116236
309.6548274,0.020857069
310.1550775,0.020600857
310.6553277,0.020347569
311.1555778,0.020097178
311.6558279,0.019849654
312.156078,0.019604968
312.6563282,0.01936309
313.1565783,0.01912399
313.6568284,0.018887639
314.1570785,0.018654007
314.6573287,0.018423064
315.1575788,0.01819478
315.6578289,0.017969124
316.158079,0.017746066
316.6583292,0.017525576
317.1585793,0.017307623
317.6588294,0.017092175
318.1590795,0.016879203
318.6593297,0.016668676
319.1595798,0.016460561
319.6598299,0.016254828
320.16008,0.016051446
320.6603302,0.015850383
321.1605803,0.015651607
321.6608304,0.015455086
322.1610805,0.015260789
322.6613307,0.015068686
323.1615808,0.014878786
323.6618309,0.014691081
324.162081,0.014505553
324.6623312,0.014322182
325.1625813,0.01414095
325.6628314,0.013961839
326.1630815,0.013784829
326.6633317,0.013609903
327.1635818,0.013437041
327.6638319,0.013266226
328.164082,0.013097438
328.6643322,0.012930659
329.1645823,0.012765871
329.6648324,0.012603056
330.1650825,0.012442195
330.6653327,0.012283269
331.1655828,0.012126261
331.6658329,0.011971152
332.166083,0.011817925
332.6663332,0.01166656
333.1665833,0.01151704
333.6668334,0.011369346
334.1670835,0.011223461
334.6673337,0.011079366
335.1675838,0.010937044
335.6678339,0.010796476
336.168084,0.010657644
336.6683342,0.010520531
337.1685843,0.010385119
337.6688344,0.01025139
338.1690845,0.010119325
338.6693347,0.009988908
339.1695848,0.00986012
339.6698349,0.009732943
340.170085,0.009607361
340.6703352,0.009483355
341.1705853,0.009360907
341.6708354,0.009240001
342.1710855,0.009120618
342.6713357,0.009002741
343.1715858,0.008886352
343.6718359,0.008771435
344.172086,0.008657971
344.6723362,0.008545943
345.1725863,0.008435333
345.6728364,0.008326126
346.1730865,0.008218302
346.6733367,0.008111845
347.1735868,0.008006738
347.6738369,0.007902963
348.174087,0.007800503
348.6743372,0.007699341
349.1745873,0.00759946
349.6748374,0.007500843
350.1750875,0.007403473
350.6753377,0.007307333
351.1755878,0.007212405
351.6758379,0.007118673
352.176088,0.00702612
352.6763382,0.006934729
353.1765883,0.006844483
353.6768384,0.006755366
354.1770885,0.00666736
354.6773387,0.006580449
355.1775888,0.006494615
355.6778389,0.006409844
356.178089,0.006326117
356.6783392,0.006243418
357.1785893,0.00616173
357.6788394,0.006081039
358.1790895,0.006001349
358.6793397,0.005922657
359.1795898,0.005844954
359.6798399,0.005768228
360.18009,0.00569247
360.6803402,0.005617671
361.1805903,0.005543818
361.6808404,0.005470904
362.1810905,0.005398917
362.6813407,0.005327849
363.1815908,0.005257688
363.6818409,0.005188426
364.182091,0.005120052
364.6823412,0.005052557
365.1825913,0.004985931
365.6828414,0.004920165
366.1830915,0.004855248
366.6833417,0.004791172
367.1835918,0.004727926
367.6838419,0.004665502
368.184092,0.00460389
368.6843422,0.00454308
369.1845923,0.004483063
369.6848424,0.00442383
370.1850925,0.004365371
370.6853427,0.004307678
371.1855928,0.004250741
371.6858429,0.00419455
372.186093,0.004139098
372.6863432,0.004084374
373.1865933,0.004030371
373.6868434,0.003977078
374.1870935,0.003924487
374.6873437,0.003872589
375.1875938,0.003821375
375.6878439,0.003770837
376.188094,0.003720965
376.6883442,0.003671751
377.1885943,0.003623187
377.6888444,0.003575263
378.1890945,0.003527971
378.6893447,0.003481302
379.1895948,0.003435248
379.6898449,0.003389801
380.190095,0.003344952
380.6903452,0.003300692
381.1905953,0.003257014
381.6908454,0.003213909
382.1910955,0.003171368
382.6913457,0.003129384
383.1915958,0.003087949
383.6918459,0.003047053
384.192096,0.00300669
384.6923462,0.002966851
385.1925963,0.002927528
385.6928464,0.002888713
386.1930965,0.002850398
386.6933467,0.002812576
387.1935968,0.002775238
387.6938469,0.002738377
388.194097,0.002701985
388.6943472,0.002666054
389.1945973,0.002630582
389.6948474,0.002595568
390.1950975,0.002561006
390.6953477,0.002526893
391.1955978,0.002493223
391.6958479,0.002459992
392.196098,0.002427193
392.6963482,0.002394824
393.1965983,0.002362878
393.6968484,0.002331351
394.1970985,0.002300238
394.6973487,0.002269534
395.1975988,0.002239236
395.6978489,0.002209337
396.198099,0.002179833
396.6983492,0.002150721
397.1985993,0.002121994
397.6988494,0.002093649
398.1990995,0.00206568
398.6993497,0.002038084
399.1995998,0.002010856
399.6998499,0.00198399
400.2001001,0.001957484
400.7003502,0.001931332
401.2006003,0.00190553
401.7008504,0.001880073
402.2011006,0.001854958
402.7013507,0.001830179
403.2016008,0.001805733
403.7018509,0.001781615
404.2021011,0.00175782
404.7023512,0.001734345
405.2026013,0.001711186
405.7028514,0.001688338
406.2031016,0.001665797
406.7033517,0.001643558
407.2036018,0.001621618
407.7038519,0.001599973
408.2041021,0.001578618
408.7043522,0.00155755
409.2046023,0.001536764
409.7048524,0.001516257
410.2051026,0.001496024
410.7053527,0.001476061
411.2056028,0.001456365
411.7058529,0.001436931
412.2061031,0.001417757
412.7063532,0.001398837
413.2066033,0.001380168
413.7068534,0.001361746
414.2071036,0.001343568
414.7073537,0.001325629
415.2076038,0.001307926
415.7078539,0.001290456
416.2081041,0.001273214
416.7083542,0.001256197
417.2086043,0.001239401
417.7088544,0.001222823
418.2091046,0.001206459
418.7093547,0.001190305
419.2096048,0.001174362
419.7098549,0.001158626
420.2101051,0.001143098
420.7103552,0.001127773
421.2106053,0.00111265
421.7108554,0.001097727
422.2111056,0.001083
422.7113557,0.001068469
423.2116058,0.00105413
423.7118559,0.001039982
424.2121061,0.001026022
424.7123562,0.001012248
425.2126063,0.000998658
425.7128564,0.000985249
426.2131066,0.00097202
426.7133567,0.000958968
427.2136068,0.000946091
427.7138569,0.000933386
428.2141071,0.000920853
428.7143572,0.000908489
429.2146073,0.000896291
429.7148574,0.000884257
430.2151076,0.000872386
430.7153577,0.000860675
431.2156078,0.000849122
431.7158579,0.000837726
432.2161081,0.000826484
432.7163582,0.000815394
433.2166083,0.000804454
433.7168584,0.000793663
434.2171086,0.000783017
434.7173587,0.000772516
435.2176088,0.000762157
435.7178589,0.000751939
436.2181091,0.000741859
436.7183592,0.000731915
437.2186093,0.000722106
437.7188594,0.000712429
438.2191096,0.000702884
438.7193597,0.000693467
439.2196098,0.000684177
439.7198599,0.000675013
440.2201101,0.000665972
440.7203602,0.000657052
441.2206103,0.000648253
441.7208604,0.000639571
442.2211106,0.000631005
442.7213607,0.000622554
443.2216108,0.000614216
443.7218609,0.000605988
444.2221111,0.00059787
444.7223612,0.000589859
445.2226113,0.000581954
445.7228614,0.000574152
446.2231116,0.000566454
446.7233617,0.000558856
447.2236118,0.000551357
447.7238619,0.000543955
448.2241121,0.000536649
448.7243622,0.000529439
449.2246123,0.000522324
449.7248624,0.000515303
450.2251126,0.000508375
450.7253627,0.000501539
451.2256128,0.000494793
451.7258629,0.000488137
452.2261131,0.000481569
452.7263632,0.000475089
453.2266133,0.000468696
453.7268634,0.000462388
454.2271136,0.000456165
454.7273637,0.000450025
455.2276138,0.000443968
455.7278639,0.000437992
456.2281141,0.000432097
456.7283642,0.000426281
457.2286143,0.000420543
457.7288644,0.000414884
458.2291146,0.0004093
458.7293647,0.000403793
459.2296148,0.00039836
459.7298649,0.000393
460.2301151,0.000387714
460.7303652,0.000382499
461.2306153,0.000377355
461.7308654,0.00037228
462.2311156,0.000367275
462.7313657,0.000362338
463.2316158,0.000357468
463.7318659,0.000352664
464.2321161,0.000347926
464.7323662,0.000343252
465.2326163,0.000338642
465.7328664,0.000334094
466.2331166,0.000329608
466.7333667,0.000325183
467.2336168,0.000320818
467.7338669,0.000316512
468.2341171,0.000312264
468.7343672,0.000308074
469.2346173,0.000303941
469.7348674,0.000299863
470.2351176,0.00029584
470.7353677,0.000291872
471.2356178,0.000287957
471.7358679,0.000284094
472.2361181,0.000280283
472.7363682,0.000276523
473.2366183,0.000272813
473.7368684,0.000269152
474.2371186,0.00026554
474.7373687,0.000261975
475.2376188,0.000258458
475.7378689,0.000254987
476.2381191,0.000251561
476.7383692,0.00024818
477.2386193,0.000244842
477.7388694,0.000241549
478.2391196,0.000238298
478.7393697,0.00023509
479.2396198,0.000231924
479.7398699,0.000228799
480.2401201,0.000225716
480.7403702,0.000222674
481.2406203,0.000219672
481.7408704,0.00021671
482.2411206,0.000213787
482.7413707,0.000210903
483.2416208,0.000208058
483.7418709,0.000205251
484.2421211,0.000202482
484.7423712,0.00019975
485.2426213,0.000197054
485.7428714,0.000194395
486.2431216,0.000191772
486.7433717,0.000189185
487.2436218,0.000186633
487.7438719,0.000184115
488.2441221,0.000181632
488.7443722,0.000179182
489.2446223,0.000176766
489.7448724,0.000174383
490.2451226,0.000172032
490.7453727,0.000169714
491.2456228,0.000167427
491.7458729,0.000165172
492.2461231,0.000162947
492.7463732,0.000160753
493.2466233,0.00015859
493.7468734,0.000156456
494.2471236,0.000154351
494.7473737,0.000152275
495.2476238,0.000150228
495.7478739,0.000148209
496.2481241,0.000146218
496.7483742,0.000144254
497.2486243,0.000142317
497.7488744,0.000140406
498.2491246,0.000138522
498.7493747,0.000136664
499.2496248,0.000134831
499.7498749,0.000133023
500.2501251,0.000131239
500.7503752,0.00012948
501.2506253,0.000127745
501.7508754,0.000126034
502.2511256,0.000124346
502.7513757,0.00012268
503.2516258,0.000121037
503.7518759,0.000119416
504.2521261,0.000117817
504.7523762,0.000116239
505.2526263,0.000114682
505.7528764,0.000113145
506.2531266,0.000111629
506.7533767,0.000110133
507.2536268,0.000108657
507.7538769,0.000107199
508.2541271,0.000105761
508.7543772,0.000104341
509.2546273,0.000102939
509.7548774,0.000101555
510.2551276,0.000100189
510.7553777,9.88E-05
511.2556278,9.75E-05
511.7558779,9.62E-05
512.2561281,9.49E-05
512.7563782,9.36E-05
513.2566283,9.24E-05
513.7568784,9.11E-05
514.2571286,8.99E-05
514.7573787,8.87E-05
515.2576288,8.75E-05
515.7578789,8.63E-05
516.2581291,8.51E-05
516.7583792,8.40E-05
517.2586293,8.28E-05
517.7588794,8.17E-05
518.2591296,8.06E-05
518.7593797,7.95E-05
519.2596298,7.84E-05
519.7598799,7.74E-05
520.2601301,7.63E-05
520.7603802,7.53E-05
521.2606303,7.43E-05
521.7608804,7.33E-05
522.2611306,7.23E-05
522.7613807,7.13E-05
523.2616308,7.03E-05
523.7618809,6.94E-05
524.2621311,6.84E-05
524.7623812,6.75E-05
525.2626313,6.66E-05
525.7628814,6.57E-05
526.2631316,6.48E-05
526.7633817,6.39E-05
527.2636318,6.31E-05
527.7638819,6.22E-05
528.2641321,6.14E-05
528.7643822,6.06E-05
529.2646323,5.97E-05
529.7648824,5.89E-05
530.2651326,5.81E-05
530.7653827,5.74E-05
531.2656328,5.66E-05
531.7658829,5.58E-05
532.2661331,5.51E-05
532.7663832,5.43E-05
533.2666333,5.36E-05
533.7668834,5.29E-05
534.2671336,5.22E-05
534.7673837,5.15E-05
535.2676338,5.08E-05
535.7678839,5.01E-05
536.2681341,4.95E-05
536.7683842,4.88E-05
537.2686343,4.81E-05
537.7688844,4.75E-05
538.2691346,4.69E-05
538.7693847,4.62E-05
539.2696348,4.56E-05
539.7698849,4.50E-05
540.2701351,4.44E-05
540.7703852,4.38E-05
541.2706353,4.32E-05
541.7708854,4.27E-05
542.2711356,4.21E-05
542.7713857,4.15E-05
543.2716358,4.10E-05
543.7718859,4.04E-05
544.2721361,3.99E-05
544.7723862,3.94E-05
545.2726363,3.88E-05
545.7728864,3.83E-05
546.2731366,3.78E-05
546.7733867,3.73E-05
547.2736368,3.68E-05
547.7738869,3.63E-05
548.2741371,3.58E-05
548.7743872,3.53E-05
549.2746373,3.49E-05
549.7748874,3.44E-05
550.2751376,3.39E-05
550.7753877,3.35E-05
551.2756378,3.30E-05
551.7758879,3.26E-05
552.2761381,3.21E-05
552.7763882,3.17E-05
553.2766383,3.13E-05
553.7768884,3.08E-05
554.2771386,3.04E-05
554.7773887,3.00E-05
555.2776388,2.96E-05
555.7778889,2.92E-05
556.2781391,2.88E-05
556.7783892,2.84E-05
557.2786393,2.80E-05
557.7788894,2.76E-05
558.2791396,2.73E-05
558.7793897,2.69E-05
559.2796398,2.65E-05
559.7798899,2.61E-05
560.2801401,2.58E-05
560.7803902,2.54E-05
561.2806403,2.51E-05
561.7808904,2.47E-05
562.2811406,2.44E-05
562.7813907,2.41E-05
563.2816408,2.37E-05
563.7818909,2.34E-05
564.2821411,2.31E-05
564.7823912,2.28E-05
565.2826413,2.25E-05
565.7828914,2.22E-05
566.2831416,2.19E-05
566.7833917,2.16E-05
567.2836418,2.13E-05
567.7838919,2.10E-05
568.2841421,2.07E-05
568.7843922,2.04E-05
569.2846423,2.02E-05
569.7848924,1.99E-05
570.2851426,1.96E-05
570.7853927,1.93E-05
571.2856428,1.91E-05
571.7858929,1.88E-05
572.2861431,1.86E-05
572.7863932,1.83E-05
573.2866433,1.81E-05
573.7868934,1.78E-05
574.2871436,1.76E-05
574.7873937,1.74E-05
575.2876438,1.71E-05
575.7878939,1.69E-05
576.2881441,1.67E-05
576.7883942,1.65E-05
577.2886443,1.62E-05
577.7888944,1.60E-05
578.2891446,1.58E-05
578.7893947,1.56E-05
579.2896448,1.54E-05
579.7898949,1.52E-05
580.2901451,1.50E-05
580.7903952,1.48E-05
581.2906453,1.46E-05
581.7908954,1.44E-05
582.2911456,1.42E-05
582.7913957,1.40E-05
583.2916458,1.39E-05
583.7918959,1.37E-05
584.2921461,1.35E-05
584.7923962,1.33E-05
585.2926463,1.31E-05
585.7928964,1.30E-05
586.2931466,1.28E-05
586.7933967,1.26E-05
587.2936468,1.25E-05
587.7938969,1.23E-05
588.2941471,1.21E-05
588.7943972,1.20E-05
589.2946473,1.18E-05
589.7948974,1.17E-05
590.2951476,1.15E-05
590.7953977,1.14E-05
591.2956478,1.12E-05
591.7958979,1.11E-05
592.2961481,1.09E-05
592.7963982,1.08E-05
593.2966483,1.06E-05
593.7968984,1.05E-05
594.2971486,1.04E-05
594.7973987,1.02E-05
595.2976488,1.01E-05
595.7978989,9.94E-06
596.2981491,9.80E-06
596.7983992,9.67E-06
597.2986493,9.53E-06
597.7988994,9.40E-06
598.2991496,9.27E-06
598.7993997,9.15E-06
599.2996498,9.02E-06
599.7998999,8.90E-06
600.3001501,8.77E-06
600.8004002,8.65E-06
601.3006503,8.53E-06
601.8009005,8.41E-06
602.3011506,8.29E-06
602.8014007,8.18E-06
603.3016508,8.07E-06
603.801901,7.95E-06
604.3021511,7.84E-06
604.8024012,7.73E-06
605.3026513,7.62E-06
605.8029015,7.52E-06
606.3031516,7.41E-06
606.8034017,7.31E-06
607.3036518,7.21E-06
607.803902,7.10E-06
608.3041521,7.00E-06
608.8044022,6.91E-06
609.3046523,6.81E-06
609.8049025,6.71E-06
610.3051526,6.62E-06
610.8054027,6.53E-06
611.3056528,6.44E-06
611.805903,6.35E-06
612.3061531,6.26E-06
612.8064032,6.17E-06
613.3066533,6.08E-06
613.8069035,6.00E-06
614.3071536,5.92E-06
614.8074037,5.83E-06
615.3076538,5.75E-06
615.807904,5.67E-06
616.3081541,5.59E-06
616.8084042,5.52E-06
617.3086543,5.44E-06
617.8089045,5.37E-06
618.3091546,5.29E-06
618.8094047,5.22E-06
619.3096548,5.15E-06
619.809905,5.08E-06
620.3101551,5.01E-06
620.8104052,4.94E-06
621.3106553,4.87E-06
621.8109055,4.81E-06
622.3111556,4.74E-06
622.8114057,4.68E-06
623.3116558,4.62E-06
623.811906,4.56E-06
624.3121561,4.50E-06
624.8124062,4.44E-06
625.3126563,4.38E-06
625.8129065,4.32E-06
626.3131566,4.27E-06
626.8134067,4.21E-06
627.3136568,4.16E-06
627.813907,4.10E-06
628.3141571,4.05E-06
628.8144072,4.00E-06
629.3146573,3.95E-06
629.8149075,3.90E-06
630.3151576,3.85E-06
630.8154077,3.80E-06
631.3156578,3.75E-06
631.815908,3.70E-06
632.3161581,3.66E-06
632.8164082,3.61E-06
633.3166583,3.57E-06
633.8169085,3.52E-06
634.3171586,3.48E-06
634.8174087,3.44E-06
635.3176588,3.39E-06
635.817909,3.35E-06
636.3181591,3.31E-06
636.8184092,3.27E-06
637.3186593,3.23E-06
637.8189095,3.19E-06
638.3191596,3.15E-06
638.8194097,3.12E-06
639.3196598,3.08E-06
639.81991,3.04E-06
640.3201601,3.00E-06
640.8204102,2.97E-06
641.3206603,2.93E-06
641.8209105,2.90E-06
642.3211606,2.86E-06
642.8214107,2.83E-06
643.3216608,2.79E-06
643.821911,2.76E-06
644.3221611,2.72E-06
644.8224112,2.69E-06
645.3226613,2.65E-06
645.8229115,2.62E-06
646.3231616,2.59E-06
646.8234117,2.55E-06
647.3236618,2.52E-06
647.823912,2.49E-06
648.3241621,2.45E-06
648.8244122,2.42E-06
649.3246623,2.39E-06
649.8249125,2.36E-06
650.3251626,2.32E-06
650.8254127,2.29E-06
651.3256628,2.26E-06
651.825913,2.23E-06
652.3261631,2.20E-06
652.8264132,2.17E-06
653.3266633,2.13E-06
653.8269135,2.10E-06
654.3271636,2.07E-06
654.8274137,2.04E-06
655.3276638,2.01E-06
655.827914,1.98E-06
656.3281641,1.96E-06
656.8284142,1.93E-06
657.3286643,1.90E-06
657.8289145,1.87E-06
658.3291646,1.84E-06
658.8294147,1.82E-06
659.3296648,1.79E-06
659.829915,1.76E-06
660.3301651,1.74E-06
660.8304152,1.71E-06
661.3306653,1.68E-06
661.8309155,1.66E-06
662.3311656,1.63E-06
662.8314157,1.61E-06
663.3316658,1.58E-06
663.831916,1.56E-06
664.3321661,1.53E-06
664.8324162,1.51E-06
665.3326663,1.49E-06
665.8329165,1.46E-06
666.3331666,1.44E-06
666.8334167,1.42E-06
667.3336668,1.40E-06
667.833917,1.38E-06
668.3341671,1.35E-06
668.8344172,1.33E-06
669.3346673,1.31E-06
669.8349175,1.29E-06
670.3351676,1.27E-06
670.8354177,1.25E-06
671.3356678,1.23E-06
671.835918,1.21E-06
672.3361681,1.20E-06
672.8364182,1.18E-06
673.3366683,1.16E-06
673.8369185,1.14E-06
674.3371686,1.12E-06
674.8374187,1.11E-06
675.3376688,1.09E-06
675.837919,1.07E-06
676.3381691,1.06E-06
676.8384192,1.04E-06
677.3386693,1.03E-06
677.8389195,1.01E-06
678.3391696,9.95E-07
678.8394197,9.81E-07
679.3396698,9.66E-07
679.83992,9.52E-07
680.3401701,9.39E-07
680.8404202,9.25E-07
681.3406703,9.12E-07
681.8409205,8.99E-07
682.3411706,8.87E-07
682.8414207,8.74E-07
683.3416708,8.63E-07
683.841921,8.51E-07
684.3421711,8.39E-07
684.8424212,8.28E-07
685.3426713,8.17E-07
685.8429215,8.07E-07
686.3431716,7.96E-07
686.8434217,7.86E-07
687.3436718,7.76E-07
687.843922,7.67E-07
688.3441721,7.58E-07
688.8444222,7.48E-07
689.3446723,7.40E-07
689.8449225,7.31E-07
690.3451726,7.23E-07
690.8454227,7.14E-07
691.3456728,7.06E-07
691.845923,6.99E-07
692.3461731,6.91E-07
692.8464232,6.84E-07
693.3466733,6.77E-07
693.8469235,6.70E-07
694.3471736,6.63E-07
694.8474237,6.56E-07
695.3476738,6.50E-07
695.847924,6.44E-07
696.3481741,6.38E-07
696.8484242,6.32E-07
697.3486743,6.26E-07
697.8489245,6.20E-07
698.3491746,6.15E-07
698.8494247,6.09E-07
699.3496748,6.04E-07
699.849925,5.99E-07
700.3501751,5.94E-07
700.8504252,5.89E-07
701.3506753,5.85E-07
701.8509255,5.80E-07
702.3511756,5.75E-07
702.8514257,5.71E-07
703.3516758,5.66E-07
703.851926,5.62E-07
704.3521761,5.57E-07
704.8524262,5.53E-07
705.3526763,5.49E-07
705.8529265,5.45E-07
706.3531766,5.41E-07
706.8534267,5.36E-07
707.3536768,5.32E-07
707.853927,5.28E-07
708.3541771,5.24E-07
708.8544272,5.20E-07
709.3546773,5.15E-07
709.8549275,5.11E-07
710.3551776,5.07E-07
710.8554277,5.02E-07
711.3556778,4.98E-07
711.855928,4.94E-07
712.3561781,4.89E-07
712.8564282,4.84E-07
713.3566783,4.80E-07
713.8569285,4.75E-07
714.3571786,4.70E-07
714.8574287,4.64E-07
715.3576788,4.59E-07
715.857929,4.54E-07
716.3581791,4.48E-07
716.8584292,4.42E-07
717.3586793,4.37E-07
717.8589295,4.31E-07
718.3591796,4.25E-07
718.8594297,4.19E-07
719.3596798,4.13E-07
719.85993,4.07E-07
720.3601801,4.00E-07
720.8604302,3.94E-07
721.3606803,3.88E-07
721.8609305,3.82E-07
722.3611806,3.76E-07
722.8614307,3.70E-07
723.3616808,3.64E-07
723.861931,3.58E-07
724.3621811,3.52E-07
724.8624312,3.46E-07
725.3626813,3.40E-07
725.8629315,3.34E-07
726.3631816,3.28E-07
726.8634317,3.22E-07
727.3636818,3.16E-07
727.863932,3.10E-07
728.3641821,3.04E-07
728.8644322,2.99E-07
729.3646823,2.93E-07
729.8649325,2.87E-07
730.3651826,2.81E-07
730.8654327,2.76E-07
731.3656828,2.70E-07
731.865933,2.64E-07
732.3661831,2.59E-07
732.8664332,2.53E-07
733.3666833,2.48E-07
733.8669335,2.42E-07
734.3671836,2.37E-07
734.8674337,2.32E-07
735.3676838,2.27E-07
735.867934,2.21E-07
736.3681841,2.16E-07
736.8684342,2.11E-07
737.3686843,2.06E-07
737.8689345,2.01E-07
738.3691846,1.96E-07
738.8694347,1.91E-07
739.3696848,1.87E-07
739.869935,1.82E-07
740.3701851,1.77E-07
740.8704352,1.73E-07
741.3706853,1.68E-07
741.8709355,1.64E-07
742.3711856,1.60E-07
742.8714357,1.55E-07
743.3716858,1.51E-07
743.871936,1.47E-07
744.3721861,1.43E-07
744.8724362,1.39E-07
745.3726863,1.35E-07
745.8729365,1.31E-07
746.3731866,1.28E-07
746.8734367,1.24E-07
747.3736868,1.21E-07
747.873937,1.17E-07
748.3741871,1.14E-07
748.8744372,1.10E-07
749.3746873,1.07E-07
749.8749375,1.04E-07
750.3751876,1.01E-07
750.8754377,9.80E-08
751.3756878,9.51E-08
751.875938,9.23E-08
752.3761881,8.96E-08
752.8764382,8.70E-08
753.3766883,8.44E-08
753.8769385,8.20E-08
754.3771886,7.96E-08
754.8774387,7.73E-08
755.3776888,7.51E-08
755.877939,7.30E-08
756.3781891,7.10E-08
756.8784392,6.91E-08
757.3786893,6.72E-08
757.8789395,6.54E-08
758.3791896,6.37E-08
758.8794397,6.21E-08
759.3796898,6.06E-08
759.87994,5.92E-08
760.3801901,5.78E-08
760.8804402,5.65E-08
761.3806903,5.54E-08
761.8809405,5.43E-08
762.3811906,5.32E-08
762.8814407,5.23E-08
763.3816908,5.14E-08
763.881941,5.06E-08
764.3821911,4.99E-08
764.8824412,4.93E-08
765.3826913,4.87E-08
765.8829415,4.82E-08
766.3831916,4.78E-08
766.8834417,4.75E-08
767.3836918,4.72E-08
767.883942,4.70E-08
768.3841921,4.69E-08
768.8844422,4.69E-08
769.3846923,4.69E-08
769.8849425,4.70E-08
770.3851926,4.71E-08
770.8854427,4.73E-08
771.3856928,4.76E-08
771.885943,4.80E-08
772.3861931,4.84E-08
772.8864432,4.88E-08
773.3866933,4.93E-08
773.8869435,4.99E-08
774.3871936,5.05E-08
774.8874437,5.12E-08
775.3876938,5.19E-08
775.887944,5.27E-08
776.3881941,5.35E-08
776.8884442,5.44E-08
777.3886943,5.53E-08
777.8889445,5.63E-08
778.3891946,5.73E-08
778.8894447,5.83E-08
779.3896948,5.94E-08
779.889945,6.05E-08
780.3901951,6.16E-08
780.8904452,6.28E-08
781.3906953,6.40E-08
781.8909455,6.52E-08
782.3911956,6.64E-08
782.8914457,6.77E-08
783.3916958,6.90E-08
783.891946,7.03E-08
784.3921961,7.16E-08
784.8924462,7.29E-08
785.3926963,7.42E-08
785.8929465,7.56E-08
786.3931966,7.69E-08
786.8934467,7.83E-08
787.3936968,7.96E-08
787.893947,8.10E-08
788.3941971,8.23E-08
788.8944472,8.36E-08
789.3946973,8.49E-08
789.8949475,8.62E-08
790.3951976,8.75E-08
790.8954477,8.87E-08
791.3956978,9.00E-08
791.895948,9.12E-08
792.3961981,9.23E-08
792.8964482,9.35E-08
793.3966983,9.46E-08
793.8969485,9.57E-08
794.3971986,9.67E-08
794.8974487,9.77E-08
795.3976988,9.86E-08
795.897949,9.95E-08
796.3981991,1.00E-07
796.8984492,1.01E-07
797.3986993,1.02E-07
797.8989495,1.02E-07
798.3991996,1.03E-07
798.8994497,1.03E-07
799.3996998,1.04E-07
799.89995,1.04E-07
800.4002001,1.04E-07
800.9004502,1.05E-07
801.4007004,1.05E-07
801.9009505,1.05E-07
802.4012006,1.04E-07
802.9014507,1.04E-07
803.4017009,1.04E-07
803.901951,1.03E-07
804.4022011,1.03E-07
804.9024512,1.02E-07
805.4027014,1.01E-07
805.9029515,1.00E-07
806.4032016,9.94E-08
806.9034517,9.82E-08
807.4037019,9.68E-08
807.903952,9.55E-08
808.4042021,9.41E-08
808.9044522,9.28E-08
809.4047024,9.14E-08
809.9049525,9.00E-08
810.4052026,8.85E-08
810.9054527,8.71E-08
811.4057029,8.57E-08
811.905953,8.42E-08
812.4062031,8.27E-08
812.9064532,8.13E-08
813.4067034,7.98E-08
813.9069535,7.83E-08
814.4072036,7.68E-08
814.9074537,7.53E-08
815.4077039,7.38E-08
815.907954,7.23E-08
816.4082041,7.08E-08
816.9084542,6.93E-08
817.4087044,6.78E-08
817.9089545,6.63E-08
818.4092046,6.48E-08
818.9094547,6.33E-08
819.4097049,6.18E-08
819.909955,6.03E-08
820.4102051,5.88E-08
820.9104552,5.73E-08
821.4107054,5.58E-08
821.9109555,5.43E-08
822.4112056,5.28E-08
822.9114557,5.14E-08
823.4117059,4.99E-08
823.911956,4.85E-08
824.4122061,4.70E-08
824.9124562,4.56E-08
825.4127064,4.42E-08
825.9129565,4.28E-08
826.4132066,4.14E-08
826.9134567,4.00E-08
827.4137069,3.86E-08
827.913957,3.72E-08
828.4142071,3.59E-08
828.9144572,3.46E-08
829.4147074,3.32E-08
829.9149575,3.19E-08
830.4152076,3.07E-08
830.9154577,2.94E-08
831.4157079,2.81E-08
831.915958,2.69E-08
832.4162081,2.57E-08
832.9164582,2.45E-08
833.4167084,2.33E-08
833.9169585,2.21E-08
834.4172086,2.10E-08
834.9174587,1.99E-08
835.4177089,1.88E-08
835.917959,1.77E-08
836.4182091,1.66E-08
836.9184592,1.56E-08
837.4187094,1.45E-08
837.9189595,1.36E-08
838.4192096,1.26E-08
838.9194597,1.16E-08
839.4197099,1.07E-08
839.91996,9.78E-09
840.4202101,8.89E-09
840.9204602,8.03E-09
841.4207104,7.19E-09
841.9209605,6.37E-09
842.4212106,5.58E-09
842.9214607,4.81E-09
843.4217109,4.07E-09
843.921961,3.35E-09
844.4222111,2.65E-09
844.9224612,1.98E-09
845.4227114,1.34E-09
845.9229615,7.16E-10
846.4232116,1.21E-10
846.9234617,-4.49E-10
847.4237119,-9.94E-10
847.923962,-1.51E-09
848.4242121,-2.01E-09
848.9244622,-2.48E-09
849.4247124,-2.92E-09
849.9249625,-3.34E-09
850.4252126,-3.73E-09
850.9254627,-4.10E-09
851.4257129,-4.44E-09
851.925963,-4.75E-09
852.4262131,-5.04E-09
852.9264632,-5.31E-09
853.4267134,-5.55E-09
853.9269635,-5.76E-09
854.4272136,-5.95E-09
854.9274637,-6.12E-09
855.4277139,-6.26E-09
855.927964,-6.37E-09
856.4282141,-6.46E-09
856.9284642,-6.53E-09
857.4287144,-6.57E-09
857.9289645,-6.58E-09
858.4292146,-6.58E-09
858.9294647,-6.55E-09
859.4297149,-6.49E-09
859.929965,-6.41E-09
860.4302151,-6.31E-09
860.9304652,-6.19E-09
861.4307154,-6.04E-09
861.9309655,-5.87E-09
862.4312156,-5.68E-09
862.9314657,-5.47E-09
863.4317159,-5.24E-09
863.931966,-4.98E-09
864.4322161,-4.70E-09
864.9324662,-4.41E-09
865.4327164,-4.09E-09
865.9329665,-3.75E-09
866.4332166,-3.39E-09
866.9334667,-3.02E-09
867.4337169,-2.62E-09
867.933967,-2.21E-09
868.4342171,-1.78E-09
868.9344672,-1.33E-09
869.4347174,-8.68E-10
869.9349675,-3.87E-10
870.4352176,1.11E-10
870.9354677,6.24E-10
871.4357179,1.15E-09
871.935968,1.69E-09
872.4362181,2.25E-09
872.9364682,2.82E-09
873.4367184,3.40E-09
873.9369685,4.00E-09
874.4372186,4.61E-09
874.9374687,5.23E-09
875.4377189,5.86E-09
875.937969,6.50E-09
876.4382191,7.15E-09
876.9384692,7.80E-09
877.4387194,8.47E-09
877.9389695,9.14E-09
878.4392196,9.82E-09
878.9394697,1.05E-08
879.4397199,1.12E-08
879.93997,1.19E-08
880.4402201,1.26E-08
880.9404702,1.33E-08
881.4407204,1.40E-08
881.9409705,1.47E-08
882.4412206,1.54E-08
882.9414707,1.61E-08
883.4417209,1.69E-08
883.941971,1.76E-08
884.4422211,1.83E-08
884.9424712,1.90E-08
885.4427214,1.97E-08
885.9429715,2.04E-08
886.4432216,2.11E-08
886.9434717,2.18E-08
887.4437219,2.24E-08
887.943972,2.31E-08
888.4442221,2.38E-08
888.9444722,2.44E-08
889.4447224,2.51E-08
889.9449725,2.57E-08
890.4452226,2.63E-08
890.9454727,2.69E-08
891.4457229,2.75E-08
891.945973,2.81E-08
892.4462231,2.86E-08
892.9464732,2.92E-08
893.4467234,2.97E-08
893.9469735,3.02E-08
894.4472236,3.07E-08
894.9474737,3.11E-08
895.4477239,3.16E-08
895.947974,3.20E-08
896.4482241,3.24E-08
896.9484742,3.28E-08
897.4487244,3.31E-08
897.9489745,3.34E-08
898.4492246,3.37E-08
898.9494747,3.39E-08
899.4497249,3.41E-08
899.949975,3.43E-08
900.4502251,3.45E-08
900.9504752,3.46E-08
901.4507254,3.47E-08
901.9509755,3.47E-08
902.4512256,3.47E-08
902.9514757,3.47E-08
903.4517259,3.46E-08
903.951976,3.45E-08
904.4522261,3.43E-08
904.9524762,3.41E-08
905.4527264,3.38E-08
905.9529765,3.35E-08
906.4532266,3.32E-08
906.9534767,3.28E-08
907.4537269,3.23E-08
907.953977,3.19E-08
908.4542271,3.14E-08
908.9544772,3.10E-08
909.4547274,3.05E-08
909.9549775,3.01E-08
910.4552276,2.96E-08
910.9554777,2.92E-08
911.4557279,2.87E-08
911.955978,2.82E-08
912.4562281,2.78E-08
912.9564782,2.73E-08
913.4567284,2.69E-08
913.9569785,2.64E-08
914.4572286,2.59E-08
914.9574787,2.55E-08
915.4577289,2.50E-08
915.957979,2.46E-08
916.4582291,2.41E-08
916.9584792,2.36E-08
917.4587294,2.32E-08
917.9589795,2.27E-08
918.4592296,2.23E-08
918.9594797,2.18E-08
919.4597299,2.14E-08
919.95998,2.09E-08
920.4602301,2.05E-08
920.9604802,2.00E-08
921.4607304,1.96E-08
921.9609805,1.92E-08
922.4612306,1.87E-08
922.9614807,1.83E-08
923.4617309,1.79E-08
923.961981,1.75E-08
924.4622311,1.70E-08
924.9624812,1.66E-08
925.4627314,1.62E-08
925.9629815,1.58E-08
926.4632316,1.54E-08
926.9634817,1.50E-08
927.4637319,1.46E-08
927.963982,1.42E-08
928.4642321,1.38E-08
928.9644822,1.34E-08
929.4647324,1.31E-08
929.9649825,1.27E-08
930.4652326,1.23E-08
930.9654827,1.20E-08
931.4657329,1.16E-08
931.965983,1.13E-08
932.4662331,1.09E-08
932.9664832,1.06E-08
933.4667334,1.03E-08
933.9669835,9.95E-09
934.4672336,9.63E-09
934.9674837,9.32E-09
935.4677339,9.01E-09
935.967984,8.71E-09
936.4682341,8.42E-09
936.9684842,8.13E-09
937.4687344,7.85E-09
937.9689845,7.57E-09
938.4692346,7.30E-09
938.9694847,7.04E-09
939.4697349,6.79E-09
939.969985,6.54E-09
940.4702351,6.30E-09
940.9704852,6.06E-09
941.4707354,5.83E-09
941.9709855,5.61E-09
942.4712356,5.40E-09
942.9714857,5.19E-09
943.4717359,4.99E-09
943.971986,4.79E-09
944.4722361,4.60E-09
944.9724862,4.42E-09
945.4727364,4.25E-09
945.9729865,4.08E-09
946.4732366,3.92E-09
946.9734867,3.77E-09
947.4737369,3.63E-09
947.973987,3.49E-09
948.4742371,3.36E-09
948.9744872,3.23E-09
949.4747374,3.11E-09
949.9749875,3.00E-09
950.4752376,2.90E-09
950.9754877,2.80E-09
951.4757379,2.71E-09
951.975988,2.62E-09
952.4762381,2.54E-09
952.9764882,2.47E-09
953.4767384,2.41E-09
953.9769885,2.35E-09
954.4772386,2.30E-09
954.9774887,2.26E-09
955.4777389,2.22E-09
955.977989,2.18E-09
956.4782391,2.16E-09
956.9784892,2.14E-09
957.4787394,2.12E-09
957.9789895,2.12E-09
958.4792396,2.12E-09
958.9794897,2.12E-09
959.4797399,2.13E-09
959.97999,2.15E-09
960.4802401,2.17E-09
960.9804902,2.19E-09
961.4807404,2.23E-09
961.9809905,2.26E-09
962.4812406,2.31E-09
962.9814907,2.36E-09
963.4817409,2.41E-09
963.981991,2.47E-09
964.4822411,2.53E-09
964.9824912,2.60E-09
965.4827414,2.67E-09
965.9829915,2.74E-09
966.4832416,2.83E-09
966.9834917,2.91E-09
967.4837419,3.00E-09
967.983992,3.09E-09
968.4842421,3.19E-09
968.9844922,3.29E-09
969.4847424,3.39E-09
969.9849925,3.50E-09
970.4852426,3.61E-09
970.9854927,3.72E-09
971.4857429,3.84E-09
971.985993,3.95E-09
972.4862431,4.07E-09
972.9864932,4.20E-09
973.4867434,4.32E-09
973.9869935,4.45E-09
974.4872436,4.58E-09
974.9874937,4.71E-09
975.4877439,4.84E-09
975.987994,4.97E-09
976.4882441,5.10E-09
976.9884942,5.24E-09
977.4887444,5.37E-09
977.9889945,5.51E-09
978.4892446,5.65E-09
978.9894947,5.78E-09
979.4897449,5.92E-09
979.989995,6.05E-09
980.4902451,6.18E-09
980.9904952,6.32E-09
981.4907454,6.45E-09
981.9909955,6.58E-09
982.4912456,6.71E-09
982.9914957,6.83E-09
983.4917459,6.96E-09
983.991996,7.08E-09
984.4922461,7.20E-09
984.9924962,7.32E-09
985.4927464,7.43E-09
985.9929965,7.54E-09
986.4932466,7.65E-09
986.9934967,7.75E-09
987.4937469,7.85E-09
987.993997,7.94E-09
988.4942471,8.03E-09
988.9944972,8.12E-09
989.4947474,8.20E-09
989.9949975,8.27E-09
990.4952476,8.34E-09
990.9954977,8.40E-09
991.4957479,8.45E-09
991.995998,8.50E-09
992.4962481,8.54E-09
992.9964982,8.58E-09
993.4967484,8.60E-09
993.9969985,8.62E-09
994.4972486,8.63E-09
994.9974987,8.63E-09
995.4977489,8.62E-09
995.997999,8.61E-09
996.4982491,8.58E-09
996.9984992,8.54E-09
997.4987494,8.49E-09
997.9989995,8.44E-09
998.4992496,8.37E-09
998.9994997,8.29E-09
999.4997499,8.20E-09
1000,8.09E-09
