x1,y1,y2
-4.0,5.6605535,-2.5358913
-3.99466310873916,5.572374,-2.6353624
-3.98932621747832,5.4925404,-2.690007
-3.98398932621748,5.408024,-2.7568696
-3.97865243495664,5.323942,-2.7873006
-3.9733155436958,5.2508583,-2.8805878
-3.96797865243496,5.1711373,-2.934705
-3.96264176117412,5.094675,-2.983837
-3.95730486991328,5.04305,-3.055195
-3.95196797865243,4.9462333,-3.1111243
-3.94663108739159,4.8685246,-3.1664374
-3.94129419613075,4.8093324,-3.2218904
-3.93595730486991,4.7396555,-3.2869797
-3.93062041360907,4.658831,-3.3476114
-3.92528352234823,4.5765967,-3.4213195
-3.91994663108739,4.502909,-3.473677
-3.91460973982655,4.4184165,-3.5512817
-3.90927284856571,4.3571963,-3.5854418
-3.90393595730487,4.2901144,-3.6666546
-3.89859906604403,4.217809,-3.7296934
-3.89326217478319,4.127335,-3.7712693
-3.88792528352235,4.0626054,-3.846252
-3.88258839226151,3.9874883,-3.8777602
-3.87725150100067,3.9170463,-3.9623435
-3.87191460973983,3.8497546,-4.022247
-3.86657771847899,3.7895122,-4.06833
-3.86124082721815,3.7140307,-4.1193137
-3.8559039359573,3.6412907,-4.195941
-3.85056704469646,3.566261,-4.2452846
-3.84523015343562,3.5108652,-4.2956576
-3.83989326217478,3.4420733,-4.34044
-3.83455637091394,3.3631039,-4.4012213
-3.8292194796531,3.3216462,-4.4623585
-3.82388258839226,3.26197,-4.521248
-3.81854569713142,3.1762002,-4.583698
-3.81320880587058,3.0954838,-4.623873
-3.80787191460974,3.0379565,-4.6860247
-3.8025350233489,2.974247,-4.7412863
-3.79719813208806,2.913788,-4.8059263
-3.79186124082722,2.8206878,-4.8606462
-3.78652434956638,2.7779315,-4.9098215
-3.78118745830554,2.6998456,-4.9652457
-3.7758505670447,2.6544034,-5.0067635
-3.77051367578386,2.596604,-5.0637665
-3.76517678452302,2.5291443,-5.121024
-3.75983989326217,2.4480858,-5.161743
-3.75450300200133,2.3785977,-5.2272797
-3.74916611074049,2.3467731,-5.2650275
-3.74382921947965,2.246303,-5.315483
-3.73849232821881,2.2175846,-5.3702116
-3.73315543695797,2.1548553,-5.4144325
-3.72781854569713,2.098196,-5.474162
-3.72248165443629,2.025124,-5.511154
-3.71714476317545,1.9708465,-5.5655394
-3.71180787191461,1.9096432,-5.6028543
-3.70647098065377,1.8475505,-5.6664987
-3.70113408939293,1.7739381,-5.7119756
-3.69579719813209,1.7238376,-5.75328
-3.69046030687125,1.6787893,-5.8038435
-3.68512341561041,1.6097133,-5.8457837
-3.67978652434957,1.555933,-5.8945613
-3.67444963308873,1.5002211,-5.9348316
-3.66911274182789,1.4530631,-5.9841723
-3.66377585056704,1.392912,-6.0281453
-3.6584389593062,1.3490064,-6.066417
-3.65310206804536,1.2596972,-6.131695
-3.64776517678452,1.2174525,-6.1474843
-3.64242828552368,1.1704975,-6.2010994
-3.63709139426284,1.1208892,-6.2492714
-3.631754503002,1.0373275,-6.2823725
-3.62641761174116,0.9979323,-6.3230367
-3.62108072048032,0.94150853,-6.368307
-3.61574382921948,0.88572776,-6.405964
-3.61040693795864,0.85911703,-6.441477
-3.6050700466978,0.79348207,-6.4980803
-3.59973315543696,0.731714,-6.5344844
-3.59439626417612,0.69117767,-6.564955
-3.58905937291528,0.6320755,-6.597239
-3.58372248165444,0.56136835,-6.655667
-3.5783855903936,0.5240477,-6.6811185
-3.57304869913276,0.4672257,-6.72425
-3.56771180787191,0.43710586,-6.7668304
-3.56237491661107,0.39074937,-6.807053
-3.55703802535023,0.3410514,-6.846594
-3.55170113408939,0.2751028,-6.8575697
-3.54636424282855,0.25623357,-6.9055505
-3.54102735156771,0.18049805,-6.933011
-3.53569046030687,0.15674393,-6.9543433
-3.53035356904603,0.102770664,-7.0069585
-3.52501667778519,0.04818172,-7.043318
-3.51967978652435,0.0011474565,-7.0897493
-3.51434289526351,-0.04626099,-7.1111813
-3.50900600400267,-0.08505334,-7.1525993
-3.50366911274183,-0.1436922,-7.167453
-3.49833222148099,-0.15835175,-7.2049456
-3.49299533022015,-0.2052881,-7.222455
-3.48765843895931,-0.23793107,-7.268442
-3.48232154769847,-0.28898835,-7.2917757
-3.47698465643762,-0.35289747,-7.3135076
-3.47164776517678,-0.37848055,-7.331735
-3.46631087391594,-0.41972426,-7.3518353
-3.4609739826551,-0.47150117,-7.409458
-3.45563709139426,-0.5053425,-7.4161286
-3.45030020013342,-0.5346206,-7.44839
-3.44496330887258,-0.59591514,-7.4888654
-3.43962641761174,-0.6323917,-7.5097313
-3.4342895263509,-0.66516334,-7.5240464
-3.42895263509006,-0.7070436,-7.575772
-3.42361574382922,-0.74798465,-7.565402
-3.41827885256838,-0.79984695,-7.58423
-3.41294196130754,-0.8165671,-7.6269
-3.4076050700467,-0.8465235,-7.6270695
-3.40226817878586,-0.8937198,-7.6488466
-3.39693128752502,-0.9285255,-7.6971445
-3.39159439626418,-0.97176987,-7.706211
-3.38625750500334,-0.99761134,-7.7071357
-3.3809206137425,-1.0374857,-7.7555447
-3.37558372248165,-1.0919966,-7.7762237
-3.37024683122081,-1.1056652,-7.7830324
-3.36490993995997,-1.1378298,-7.7975917
-3.35957304869913,-1.1825607,-7.8162694
-3.35423615743829,-1.2117541,-7.831218
-3.34889926617745,-1.2477682,-7.852395
-3.34356237491661,-1.2748537,-7.8532324
-3.33822548365577,-1.2906271,-7.8902335
-3.33288859239493,-1.3260902,-7.892632
-3.32755170113409,-1.3602684,-7.906249
-3.32221480987325,-1.3912321,-7.9232855
-3.31687791861241,-1.4333575,-7.932942
-3.31154102735157,-1.4713756,-7.967214
-3.30620413609073,-1.5004839,-7.958776
-3.30086724482989,-1.5159221,-7.966728
-3.29553035356905,-1.5592268,-7.9865513
-3.29019346230821,-1.5642434,-7.9954376
-3.28485657104736,-1.5860825,-8.003191
-3.27951967978652,-1.6462519,-8.014764
-3.27418278852568,-1.6671939,-8.017428
-3.26884589726484,-1.7057652,-8.032126
-3.263509006004,-1.7072428,-8.047013
-3.25817211474316,-1.7146237,-8.046077
-3.25283522348232,-1.7450737,-8.033852
-3.24749833222148,-1.7745944,-8.049439
-3.24216144096064,-1.8022052,-8.053162
-3.2368245496998,-1.8277224,-8.070027
-3.23148765843896,-1.8443342,-8.084201
-3.22615076717812,-1.8827335,-8.082304
-3.22081387591728,-1.9032909,-8.082484
-3.21547698465644,-1.9297384,-8.084421
-3.2101400933956,-1.9244099,-8.083613
-3.20480320213476,-1.956876,-8.080692
-3.19946631087392,-1.9877766,-8.087914
-3.19412941961308,-1.9948403,-8.08237
-3.18879252835224,-2.0246458,-8.096668
-3.18345563709139,-2.0403543,-8.098595
-3.17811874583055,-2.0637605,-8.075485
-3.17278185456971,-2.1105652,-8.099207
-3.16744496330887,-2.1045036,-8.105454
-3.16210807204803,-2.126045,-8.091898
-3.15677118078719,-2.1503532,-8.078804
-3.15143428952635,-2.14826,-8.084294
-3.14609739826551,-2.1731784,-8.077316
-3.14076050700467,-2.183766,-8.079812
-3.13542361574383,-2.2060778,-8.056156
-3.13008672448299,-2.2267892,-8.053126
-3.12474983322215,-2.238579,-8.040381
-3.11941294196131,-2.2748215,-8.04884
-3.11407605070047,-2.268063,-8.030178
-3.10873915943963,-2.2927225,-8.023905
-3.10340226817879,-2.2920425,-8.014265
-3.09806537691795,-2.3066864,-8.00749
-3.0927284856571,-2.3221474,-8.004294
-3.08739159439626,-2.3455634,-7.986447
-3.08205470313542,-2.3470907,-7.959857
-3.07671781187458,-2.3661208,-7.9540067
-3.07138092061374,-2.3675084,-7.9597707
-3.0660440293529,-2.3940432,-7.94393
-3.06070713809206,-2.4071953,-7.923969
-3.05537024683122,-2.4089365,-7.9267015
-3.05003335557038,-2.4231954,-7.9087687
-3.04469646430954,-2.4353025,-7.8659477
-3.0393595730487,-2.4202023,-7.8538756
-3.03402268178786,-2.4479618,-7.857045
-3.02868579052702,-2.4746375,-7.846281
-3.02334889926618,-2.469132,-7.8037896
-3.01801200800534,-2.4752774,-7.803899
-3.0126751167445,-2.459185,-7.770903
-3.00733822548366,-2.484328,-7.7633944
-3.00200133422282,-2.4966152,-7.744322
-2.99666444296197,-2.5023909,-7.7438264
-2.99132755170113,-2.5198722,-7.7078667
-2.98599066044029,-2.5186315,-7.683634
-2.98065376917945,-2.5229392,-7.675084
-2.97531687791861,-2.516324,-7.651041
-2.96997998665777,-2.529669,-7.6269407
-2.96464309539693,-2.5170927,-7.615797
-2.95930620413609,-2.5416703,-7.584705
-2.95396931287525,-2.5490103,-7.5853963
-2.94863242161441,-2.5456157,-7.528383
-2.94329553035357,-2.5352142,-7.5159507
-2.93795863909273,-2.5555959,-7.479707
-2.93262174783189,-2.5493495,-7.4734206
-2.92728485657105,-2.5589232,-7.4411945
-2.92194796531021,-2.543071,-7.4123993
-2.91661107404937,-2.5521917,-7.384731
-2.91127418278853,-2.5449488,-7.3730545
-2.90593729152769,-2.5448534,-7.3181815
-2.90060040026684,-2.5561278,-7.3043323
-2.895263509006,-2.5562837,-7.2652564
-2.88992661774516,-2.546813,-7.2572527
-2.88458972648432,-2.557773,-7.2085166
-2.87925283522348,-2.5559363,-7.190649
-2.87391594396264,-2.5499816,-7.1705985
-2.8685790527018,-2.5523038,-7.130659
-2.86324216144096,-2.541945,-7.090495
-2.85790527018012,-2.5320256,-7.066372
-2.85256837891928,-2.544481,-7.0209465
-2.84723148765844,-2.540898,-6.983772
-2.8418945963976,-2.5368783,-6.947777
-2.83655770513676,-2.5197523,-6.9288464
-2.83122081387592,-2.5172064,-6.8838844
-2.82588392261508,-2.5123267,-6.872948
-2.82054703135424,-2.5138626,-6.836587
-2.8152101400934,-2.5099704,-6.7776194
-2.80987324883255,-2.495714,-6.7611732
-2.80453635757171,-2.5112288,-6.7126074
-2.79919946631087,-2.5011678,-6.680485
-2.79386257505003,-2.4888873,-6.653546
-2.78852568378919,-2.4841561,-6.597954
-2.78318879252835,-2.454656,-6.569502
-2.77785190126751,-2.4679306,-6.5288186
-2.77251501000667,-2.454558,-6.500426
-2.76717811874583,-2.4598782,-6.4411736
-2.76184122748499,-2.4279232,-6.4193015
-2.75650433622415,-2.4295642,-6.3725
-2.75116744496331,-2.4196458,-6.3201604
-2.74583055370247,-2.4250777,-6.3053913
-2.74049366244163,-2.4130733,-6.247133
-2.73515677118079,-2.388498,-6.215813
-2.72981987991995,-2.354196,-6.1471667
-2.72448298865911,-2.3516524,-6.135261
-2.71914609739827,-2.3452444,-6.073168
-2.71380920613742,-2.354509,-6.0446916
-2.70847231487658,-2.3443515,-6.001339
-2.70313542361574,-2.344232,-5.961697
-2.6977985323549,-2.320483,-5.90788
-2.69246164109406,-2.3094075,-5.874029
-2.68712474983322,-2.296095,-5.8180027
-2.68178785857238,-2.2751906,-5.7728853
-2.67645096731154,-2.254371,-5.7301397
-2.6711140760507,-2.2465632,-5.679916
-2.66577718478986,-2.2472124,-5.641033
-2.66044029352902,-2.2388804,-5.568264
-2.65510340226818,-2.2218125,-5.5666037
-2.64976651100734,-2.1909416,-5.485423
-2.6444296197465,-2.1774366,-5.441746
-2.63909272848566,-2.1724052,-5.3928294
-2.63375583722482,-2.1677737,-5.3477893
-2.62841894596398,-2.1451154,-5.299479
-2.62308205470314,-2.1085455,-5.2500668
-2.61774516344229,-2.1152956,-5.212486
-2.61240827218145,-2.086987,-5.158059
-2.60707138092061,-2.0743062,-5.107447
-2.60173448965977,-2.0777311,-5.0525103
-2.59639759839893,-2.0624423,-5.009433
-2.59106070713809,-2.01309,-4.9652114
-2.58572381587725,-2.00188,-4.8948274
-2.58038692461641,-1.9888015,-4.8764663
-2.57505003335557,-1.9894826,-4.808136
-2.56971314209473,-1.9547224,-4.7483726
-2.56437625083389,-1.9274108,-4.698763
-2.55903935957305,-1.9112296,-4.6359835
-2.55370246831221,-1.8908432,-4.595532
-2.54836557705137,-1.9019394,-4.5378137
-2.54302868579053,-1.8795285,-4.4722943
-2.53769179452969,-1.853203,-4.4379063
-2.53235490326885,-1.8295584,-4.3599396
-2.52701801200801,-1.7885171,-4.3350215
-2.52168112074717,-1.7779124,-4.25064
-2.51634422948632,-1.7901386,-4.2181478
-2.51100733822548,-1.7593228,-4.159782
-2.50567044696464,-1.7109025,-4.078424
-2.5003335557038,-1.7055665,-4.045823
-2.49499666444296,-1.6868447,-3.9967532
-2.48965977318212,-1.6651986,-3.9434495
-2.48432288192128,-1.642715,-3.876796
-2.47898599066044,-1.6148386,-3.8272796
-2.4736490993996,-1.6000503,-3.7774367
-2.46831220813876,-1.5858251,-3.7090695
-2.46297531687792,-1.5706544,-3.6699426
-2.45763842561708,-1.5390414,-3.6099374
-2.45230153435624,-1.5371112,-3.5479476
-2.4469646430954,-1.5016706,-3.4665186
-2.44162775183456,-1.4799687,-3.4441037
-2.43629086057372,-1.4455252,-3.3735921
-2.43095396931288,-1.4336324,-3.3190112
-2.42561707805203,-1.4200121,-3.2683933
-2.42028018679119,-1.3846457,-3.2002287
-2.41494329553035,-1.3549361,-3.144799
-2.40960640426951,-1.3485215,-3.081973
-2.40426951300867,-1.3082664,-3.038038
-2.39893262174783,-1.2880813,-2.9805715
-2.39359573048699,-1.2684057,-2.9057066
-2.38825883922615,-1.2397833,-2.8499262
-2.38292194796531,-1.2048203,-2.7865498
-2.37758505670447,-1.2174876,-2.7107377
-2.37224816544363,-1.1840664,-2.6684036
-2.36691127418279,-1.1552576,-2.6392064
-2.36157438292195,-1.1137854,-2.5546606
-2.35623749166111,-1.1109772,-2.4811618
-2.35090060040027,-1.0621399,-2.4391088
-2.34556370913943,-1.0493786,-2.3752236
-2.34022681787859,-1.0214893,-2.3076165
-2.33488992661775,-1.0086004,-2.254648
-2.3295530353569,-0.98671293,-2.2045054
-2.32421614409606,-0.9534205,-2.1397521
-2.31887925283522,-0.92424476,-2.0864666
-2.31354236157438,-0.9156673,-2.024727
-2.30820547031354,-0.8715647,-1.9459597
-2.3028685790527,-0.85402673,-1.8865504
-2.29753168779186,-0.8268364,-1.8359363
-2.29219479653102,-0.8165534,-1.7813525
-2.28685790527018,-0.75915956,-1.7175208
-2.28152101400934,-0.7515024,-1.6684204
-2.2761841227485,-0.7390407,-1.5929159
-2.27084723148766,-0.6968896,-1.53802
-2.26551034022682,-0.6893016,-1.4623392
-2.26017344896598,-0.6506129,-1.4217455
-2.25483655770514,-0.63269436,-1.366404
-2.2494996664443,-0.6021882,-1.3067063
-2.24416277518346,-0.57434183,-1.2613392
-2.23882588392262,-0.5451109,-1.1684974
-2.23348899266177,-0.5210586,-1.1222514
-2.22815210140093,-0.50326246,-1.0600352
-2.22281521014009,-0.47769135,-0.9990532
-2.21747831887925,-0.44646195,-0.9304719
-2.21214142761841,-0.41440853,-0.89547056
-2.20680453635757,-0.3673733,-0.83392465
-2.20146764509673,-0.3609225,-0.7705349
-2.19613075383589,-0.3412145,-0.68915015
-2.19079386257505,-0.30669978,-0.6445798
-2.18545697131421,-0.31097993,-0.5861127
-2.18012008005337,-0.25133303,-0.53630376
-2.17478318879253,-0.22168571,-0.4621562
-2.16944629753169,-0.20232263,-0.39102674
-2.16410940627085,-0.17550567,-0.3327884
-2.15877251501001,-0.14773932,-0.2533444
-2.15343562374917,-0.11958996,-0.22430371
-2.14809873248833,-0.09830643,-0.14643328
-2.14276184122749,-0.07185222,-0.10677227
-2.13742494996664,-0.029800717,-0.05047698
-2.1320880587058,-0.030123727,0.045917384
-2.12675116744496,0.02243787,0.08319464
-2.12141427618412,0.038771074,0.13796249
-2.11607738492328,0.07734928,0.20505726
-2.11074049366244,0.087517805,0.26459077
-2.1054036024016,0.11041799,0.2994929
-2.10006671114076,0.12811917,0.36786318
-2.09472981987992,0.1642191,0.41892394
-2.08939292861908,0.19127913,0.48795053
-2.08405603735824,0.23124318,0.55488324
-2.0787191460974,0.25729567,0.60100037
-2.07338225483656,0.2824146,0.67857164
-2.06804536357572,0.3084712,0.717975
-2.06270847231488,0.32874423,0.77610344
-2.05737158105404,0.3541131,0.84719086
-2.0520346897932,0.3668365,0.89070547
-2.04669779853235,0.40917528,0.9290979
-2.04136090727151,0.41701782,0.9981742
-2.03602401601067,0.46036988,1.0561354
-2.03068712474983,0.4940905,1.1260272
-2.02535023348899,0.51318145,1.178082
-2.02001334222815,0.5282172,1.2110482
-2.01467645096731,0.5668642,1.2864146
-2.00933955970647,0.5745621,1.3562251
-2.00400266844563,0.63170516,1.3821567
-1.99866577718479,0.62743115,1.4241385
-1.99332888592395,0.6655093,1.4935919
-1.98799199466311,0.6745762,1.5598601
-1.98265510340227,0.72857237,1.6145463
-1.97731821214143,0.7383679,1.6940925
-1.97198132088059,0.7759427,1.7275645
-1.96664442961975,0.8119499,1.7793134
-1.96130753835891,0.8190384,1.8109038
-1.95597064709807,0.8392451,1.8860165
-1.95063375583723,0.8721053,1.9023088
-1.94529686457638,0.87910736,1.9718261
-1.93995997331554,0.91256857,2.0361118
-1.9346230820547,0.936305,2.0871568
-1.92928619079386,0.9734917,2.1348467
-1.92394929953302,0.98821807,2.200852
-1.91861240827218,1.0146735,2.2540345
-1.91327551701134,1.0343025,2.2880795
-1.9079386257505,1.0665122,2.349331
-1.90260173448966,1.0980597,2.412655
-1.89726484322882,1.1160421,2.4250658
-1.89192795196798,1.1429884,2.5187082
-1.88659106070714,1.1554267,2.5499325
-1.8812541694463,1.1713951,2.6024704
-1.87591727818546,1.2177266,2.6623592
-1.87058038692462,1.2407609,2.6957152
-1.86524349566378,1.2666235,2.7509727
-1.85990660440294,1.2806914,2.7794778
-1.85456971314209,1.2979622,2.840144
-1.84923282188125,1.3291252,2.877121
-1.84389593062041,1.3459724,2.9514654
-1.83855903935957,1.3762949,2.9739034
-1.83322214809873,1.388788,3.0258527
-1.82788525683789,1.4054092,3.0876708
-1.82254836557705,1.4300976,3.1030133
-1.81721147431621,1.4660625,3.1729105
-1.81187458305537,1.4853091,3.2036414
-1.80653769179453,1.5095605,3.2512958
-1.80120080053369,1.5428979,3.3002725
-1.79586390927285,1.5418488,3.3669279
-1.79052701801201,1.5560758,3.413123
-1.78519012675117,1.5874493,3.436331
-1.77985323549033,1.6131601,3.485501
-1.77451634422949,1.6399417,3.5370898
-1.76917945296865,1.6540433,3.5590768
-1.76384256170781,1.6660604,3.599755
-1.75850567044697,1.69626,3.6479683
-1.75316877918612,1.7238587,3.693592
-1.74783188792528,1.7448626,3.7397935
-1.74249499666444,1.7542405,3.7741978
-1.7371581054036,1.788465,3.8015842
-1.73182121414276,1.8149148,3.8586192
-1.72648432288192,1.8178236,3.899567
-1.72114743162108,1.8465667,3.92727
-1.71581054036024,1.844666,3.943597
-1.7104736490994,1.8750253,4.004066
-1.70513675783856,1.8953823,4.0545735
-1.69979986657772,1.9132917,4.0972776
-1.69446297531688,1.9290115,4.0959644
-1.68912608405604,1.936344,4.1474695
-1.6837891927952,1.9749168,4.186261
-1.67845230153436,1.9943507,4.20229
-1.67311541027352,2.0017087,4.2553415
-1.66777851901268,2.0377653,4.309082
-1.66244162775183,2.03089,4.3298554
-1.65710473649099,2.0503192,4.379397
-1.65176784523015,2.0913227,4.3851347
-1.64643095396931,2.0810497,4.4189262
-1.64109406270847,2.0951726,4.438742
-1.63575717144763,2.1413467,4.4911113
-1.63042028018679,2.1514213,4.519849
-1.62508338892595,2.1606224,4.573183
-1.61974649766511,2.1854813,4.5869675
-1.61440960640427,2.1765044,4.6132793
-1.60907271514343,2.2006109,4.647508
-1.60373582388259,2.232718,4.672786
-1.59839893262175,2.214446,4.7134194
-1.59306204136091,2.2721176,4.7499723
-1.58772515010007,2.2629442,4.759804
-1.58238825883923,2.2843888,4.792655
-1.57705136757839,2.3022535,4.839092
-1.57171447631755,2.327255,4.845123
-1.5663775850567,2.3439229,4.8649426
-1.56104069379586,2.3479097,4.8933516
-1.55570380253502,2.362907,4.918519
-1.55036691127418,2.3602362,4.9554715
-1.54503002001334,2.3903394,4.964684
-1.5396931287525,2.4179795,4.999948
-1.53435623749166,2.4038284,5.0371175
-1.52901934623082,2.425798,5.0380726
-1.52368245496998,2.429873,5.067073
-1.51834556370914,2.4189107,5.088078
-1.5130086724483,2.4574254,5.110403
-1.50767178118746,2.4624805,5.131448
-1.50233488992662,2.4848437,5.1457257
-1.49699799866578,2.4739976,5.183617
-1.49166110740494,2.5017712,5.202244
-1.4863242161441,2.5180779,5.222324
-1.48098732488326,2.5218213,5.2358136
-1.47565043362242,2.5308151,5.257603
-1.47031354236157,2.54237,5.264776
-1.46497665110073,2.5550852,5.2801213
-1.45963975983989,2.5569599,5.2912874
-1.45430286857905,2.5630825,5.3220477
-1.44896597731821,2.5807736,5.3517284
-1.44362908605737,2.582778,5.3499327
-1.43829219479653,2.5903971,5.360181
-1.43295530353569,2.6016705,5.3786707
-1.42761841227485,2.60514,5.3879023
-1.42228152101401,2.632447,5.399932
-1.41694462975317,2.6244621,5.4314446
-1.41160773849233,2.6299663,5.4251347
-1.40627084723149,2.634706,5.4683423
-1.40093395597065,2.6423028,5.4624324
-1.39559706470981,2.6640818,5.451895
-1.39026017344897,2.673896,5.4503455
-1.38492328218813,2.6645072,5.482084
-1.37958639092729,2.658268,5.4950514
-1.37424949966644,2.6807718,5.514526
-1.3689126084056,2.704192,5.4968286
-1.36357571714476,2.6772602,5.529347
-1.35823882588392,2.7006407,5.5086584
-1.35290193462308,2.699819,5.537722
-1.34756504336224,2.7070444,5.5392137
-1.3422281521014,2.7109222,5.5491767
-1.33689126084056,2.7088063,5.555166
-1.33155436957972,2.7079566,5.565073
-1.32621747831888,2.7433398,5.560303
-1.32088058705804,2.7361743,5.5818834
-1.3155436957972,2.7383623,5.575081
-1.31020680453636,2.7364225,5.5706105
-1.30486991327552,2.737215,5.578939
-1.29953302201468,2.7431607,5.5757685
-1.29419613075384,2.750658,5.588532
-1.288859239493,2.7475863,5.574413
-1.28352234823216,2.7288904,5.578469
-1.27818545697131,2.7455986,5.593895
-1.27284856571047,2.751,5.598062
-1.26751167444963,2.7342427,5.59081
-1.26217478318879,2.7315004,5.5863366
-1.25683789192795,2.7472398,5.5782623
-1.25150100066711,2.7315226,5.567363
-1.24616410940627,2.7605407,5.5762186
-1.24082721814543,2.7479084,5.5673513
-1.23549032688459,2.7345853,5.5709906
-1.23015343562375,2.7463276,5.562611
-1.22481654436291,2.7427025,5.553653
-1.21947965310207,2.7568974,5.5371375
-1.21414276184123,2.7465913,5.5425467
-1.20880587058039,2.7552896,5.5216594
-1.20346897931955,2.7373264,5.5509477
-1.19813208805871,2.737106,5.528504
-1.19279519679787,2.7437847,5.522299
-1.18745830553703,2.7327046,5.50604
-1.18212141427618,2.7374072,5.498192
-1.17678452301534,2.731069,5.4889426
-1.1714476317545,2.7273047,5.491302
-1.16611074049366,2.735455,5.4780636
-1.16077384923282,2.7252824,5.4484215
-1.15543695797198,2.7221127,5.441482
-1.15010006671114,2.7054281,5.421995
-1.1447631754503,2.6869276,5.3959227
-1.13942628418946,2.7009125,5.4006567
-1.13408939292862,2.6987796,5.410483
-1.12875250166778,2.681047,5.3869386
-1.12341561040694,2.6881437,5.370041
-1.1180787191461,2.6909611,5.367051
-1.11274182788526,2.6812468,5.3428116
-1.10740493662442,2.6653955,5.311955
-1.10206804536358,2.659983,5.2970686
-1.09673115410274,2.656869,5.290772
-1.09139426284189,2.6443424,5.281465
-1.08605737158105,2.6429076,5.2594476
-1.08072048032021,2.6460524,5.2500734
-1.07538358905937,2.6334112,5.218952
-1.07004669779853,2.6038756,5.1855993
-1.06470980653769,2.614213,5.167041
-1.05937291527685,2.6219053,5.1616044
-1.05403602401601,2.591724,5.155931
-1.04869913275517,2.5770137,5.11366
-1.04336224149433,2.573309,5.111576
-1.03802535023349,2.5711,5.0780663
-1.03268845897265,2.5671477,5.046028
-1.02735156771181,2.560063,5.023281
-1.02201467645097,2.5501661,5.0013704
-1.01667778519013,2.522859,4.9871597
-1.01134089392929,2.5208044,4.9636984
-1.00600400266845,2.5226004,4.9486055
-1.00066711140761,2.4812853,4.9194255
-0.995330220146765,2.5055919,4.882325
-0.989993328885924,2.4712634,4.863652
-0.984656437625083,2.4691572,4.8410707
-0.979319546364243,2.46775,4.816266
-0.973982655103402,2.4444041,4.823885
-0.968645763842562,2.42228,4.75825
-0.963308872581722,2.421414,4.740782
-0.957971981320881,2.4107728,4.6989546
-0.95263509006004,2.409501,4.6829505
-0.9472981987992,2.3837879,4.6760216
-0.941961307538359,2.377967,4.623907
-0.936624416277519,2.3462272,4.5871654
-0.931287525016678,2.352784,4.561156
-0.925950633755837,2.3190339,4.5328565
-0.920613742494997,2.3248923,4.515011
-0.915276851234157,2.3278735,4.4903617
-0.909939959973316,2.2948833,4.4171243
-0.904603068712475,2.2748213,4.3966084
-0.899266177451635,2.2597623,4.372295
-0.893929286190794,2.2678702,4.3386116
-0.888592394929954,2.2393568,4.3075275
-0.883255503669113,2.2216063,4.2773743
-0.877918612408272,2.2142882,4.2365007
-0.872581721147432,2.1804385,4.2035866
-0.867244829886591,2.2043958,4.194027
-0.861907938625751,2.154267,4.1357512
-0.85657104736491,2.1368556,4.112103
-0.851234156104069,2.125912,4.068037
-0.845897264843229,2.1249006,4.050337
-0.840560373582388,2.1065574,4.010867
-0.835223482321548,2.0889046,3.9766603
-0.829886591060708,2.0656536,3.925821
-0.824549699799867,2.0382905,3.880029
-0.819212808539026,2.0223923,3.8642552
-0.813875917278186,2.0209498,3.8268566
-0.808539026017345,2.009204,3.8012555
-0.803202134756504,1.9810675,3.7606533
-0.797865243495664,1.9671171,3.7110794
-0.792528352234823,1.9524375,3.6894372
-0.787191460973983,1.9299943,3.6351237
-0.781854569713143,1.9080346,3.6021104
-0.776517678452302,1.8852408,3.543359
-0.771180787191461,1.869908,3.5348763
-0.765843895930621,1.845961,3.4695003
-0.76050700466978,1.8510038,3.429113
-0.75517011340894,1.8157417,3.4020877
-0.749833222148099,1.8128315,3.3594933
-0.744496330887258,1.7766608,3.3150942
-0.739159439626418,1.7594028,3.2630153
-0.733822548365577,1.7204726,3.2320025
-0.728485657104737,1.7145596,3.1840565
-0.723148765843896,1.6993477,3.1557875
-0.717811874583056,1.6680623,3.0973992
-0.712474983322215,1.6639493,3.0433042
-0.707138092061375,1.62583,3.009679
-0.701801200800534,1.628399,2.9587517
-0.696464309539693,1.6153328,2.908504
-0.691127418278853,1.5969524,2.8870642
-0.685790527018012,1.5510464,2.8477263
-0.680453635757172,1.5337048,2.792924
-0.675116744496331,1.5244887,2.760774
-0.66977985323549,1.4946458,2.7146492
-0.66444296197465,1.4723675,2.665411
-0.659106070713809,1.451593,2.629259
-0.653769179452969,1.442529,2.5860958
-0.648432288192129,1.4221522,2.518318
-0.643095396931288,1.3883145,2.484748
-0.637758505670447,1.3676955,2.4331532
-0.632421614409607,1.3614496,2.4157248
-0.627084723148766,1.3139664,2.3372226
-0.621747831887926,1.3164544,2.3112822
-0.616410940627085,1.2979935,2.2549791
-0.611074049366244,1.2559396,2.2008471
-0.605737158105404,1.2691722,2.1426542
-0.600400266844563,1.225923,2.1002793
-0.595063375583723,1.1959904,2.0669754
-0.589726484322882,1.1723429,2.008451
-0.584389593062042,1.1534923,1.9711195
-0.579052701801201,1.1449914,1.9283206
-0.573715810540361,1.1169139,1.8693088
-0.56837891927952,1.1006098,1.8340862
-0.563042028018679,1.0622494,1.7745261
-0.557705136757839,1.0425369,1.7290978
-0.552368245496998,1.0202745,1.7042962
-0.547031354236158,0.98342454,1.6382262
-0.541694462975317,0.97637445,1.5926445
-0.536357571714476,0.95996684,1.5532916
-0.531020680453636,0.9227299,1.4823184
-0.525683789192795,0.9011048,1.460265
-0.520346897931955,0.88670814,1.3935021
-0.515010006671115,0.84949195,1.3634201
-0.509673115410274,0.83790755,1.3004276
-0.504336224149433,0.8050055,1.2487092
-0.498999332888593,0.7993996,1.1934199
-0.493662441627752,0.74514955,1.1460019
-0.488325550366912,0.75338554,1.11697
-0.482988659106071,0.7211452,1.0671178
-0.47765176784523,0.71059024,1.0033504
-0.47231487658439,0.6677031,0.9536409
-0.466977985323549,0.6558894,0.90994215
-0.461641094062709,0.6229586,0.8531879
-0.456304202801868,0.60466,0.794133
-0.450967311541028,0.5861495,0.75604177
-0.445630420280187,0.53797174,0.7108822
-0.440293529019347,0.5288119,0.64882773
-0.434956637758506,0.5066094,0.61169577
-0.429619746497665,0.4858239,0.5738139
-0.424282855236825,0.47996956,0.53320414
-0.418945963975984,0.436626,0.4496809
-0.413609072715144,0.4100993,0.40674582
-0.408272181454303,0.39630026,0.34980184
-0.402935290193462,0.3692435,0.3209422
-0.397598398932622,0.3335896,0.25989276
-0.392261507671781,0.3089986,0.21422203
-0.386924616410941,0.29013503,0.17027149
-0.381587725150101,0.27611208,0.10838325
-0.37625083388926,0.2441779,0.07389197
-0.370913942628419,0.23071954,0.03027653
-0.365577051367579,0.19949959,-0.017549671
-0.360240160106738,0.16964348,-0.07718806
-0.354903268845898,0.15136518,-0.13243145
-0.349566377585057,0.1275283,-0.1855029
-0.344229486324216,0.10634857,-0.2310811
-0.338892595063376,0.097481504,-0.27716202
-0.333555703802535,0.053954404,-0.3314704
-0.328218812541695,0.064613834,-0.3871854
-0.322881921280854,0.031591564,-0.436059
-0.317545030020014,-0.027380578,-0.47242588
-0.312208138759173,-0.044201702,-0.5257255
-0.306871247498333,-0.068230785,-0.5691588
-0.301534356237492,-0.074771516,-0.63316774
-0.296197464976651,-0.09362116,-0.6674905
-0.290860573715811,-0.10892308,-0.71740985
-0.28552368245497,-0.16389972,-0.7554511
-0.28018679119413,-0.17758054,-0.82538
-0.274849899933289,-0.1932521,-0.8642971
-0.269513008672448,-0.22748229,-0.912636
-0.264176117411608,-0.22801378,-0.95460325
-0.258839226150767,-0.2509516,-1.0061466
-0.253502334889927,-0.28124896,-1.0389223
-0.248165443629087,-0.31164148,-1.0978903
-0.242828552368246,-0.335252,-1.1585382
-0.237491661107405,-0.37127033,-1.1988715
-0.232154769846565,-0.39279708,-1.2356457
-0.226817878585724,-0.4155681,-1.2799377
-0.221480987324884,-0.4229081,-1.337633
-0.216144096064043,-0.4498949,-1.3947498
-0.210807204803202,-0.48312268,-1.4331228
-0.205470313542362,-0.4965671,-1.4654775
-0.200133422281521,-0.5303474,-1.5143006
-0.194796531020681,-0.53230476,-1.5740314
-0.18945963975984,-0.56117845,-1.6075723
-0.184122748499,-0.56687003,-1.6651462
-0.178785857238159,-0.6216493,-1.70401
-0.173448965977319,-0.6284504,-1.7525144
-0.168112074716478,-0.66139925,-1.8007059
-0.162775183455637,-0.6604375,-1.8537784
-0.157438292194797,-0.6910973,-1.8869865
-0.152101400933956,-0.7293172,-1.9232854
-0.146764509673116,-0.7405879,-1.9654411
-0.141427618412275,-0.7763332,-2.0041552
-0.136090727151434,-0.78141344,-2.0485532
-0.130753835890594,-0.8061395,-2.1010127
-0.125416944629754,-0.8290864,-2.1478834
-0.120080053368913,-0.8567148,-2.1775708
-0.114743162108073,-0.8728472,-2.2314146
-0.109406270847232,-0.8728308,-2.2810936
-0.104069379586391,-0.9092518,-2.3022351
-0.098732488325551,-0.94352484,-2.3666031
-0.09339559706471,-0.93950313,-2.3863442
-0.08805870580387,-0.98550475,-2.4394014
-0.082721814543029,-0.99653566,-2.4899087
-0.077384923282188,-1.0191853,-2.531465
-0.072048032021348,-1.0452542,-2.564377
-0.066711140760508,-1.0530236,-2.601232
-0.061374249499667,-1.0828317,-2.6546502
-0.056037358238826,-1.0986896,-2.6835594
-0.050700466977986,-1.1108853,-2.7470431
-0.045363575717145,-1.131678,-2.753367
-0.040026684456305,-1.1470982,-2.792206
-0.034689793195464,-1.1843365,-2.8533602
-0.029352901934623,-1.1823641,-2.9029927
-0.024016010673783,-1.2089106,-2.916236
-0.018679119412942,-1.2235646,-2.9670417
-0.013342228152102,-1.2543128,-2.9981863
-0.008005336891261,-1.2646059,-3.056415
-0.00266844563042,-1.2948409,-3.0754106
0.00266844563042,-1.3091321,-3.1099956
0.00800533689126,-1.3271288,-3.144519
0.013342228152101,-1.3431736,-3.1830978
0.018679119412942,-1.3750707,-3.2148647
0.024016010673782,-1.3705258,-3.258044
0.029352901934622,-1.3900093,-3.310595
0.034689793195463,-1.4287869,-3.3280997
0.040026684456304,-1.437505,-3.373371
0.045363575717144,-1.4607154,-3.4104705
0.050700466977985,-1.4708272,-3.417152
0.056037358238825,-1.4986539,-3.47235
0.061374249499666,-1.485337,-3.4875493
0.066711140760507,-1.5108912,-3.5382054
0.072048032021347,-1.5430057,-3.5569801
0.077384923282188,-1.5584426,-3.5844514
0.082721814543028,-1.5764766,-3.654946
0.088058705803869,-1.568449,-3.6564198
0.09339559706471,-1.5939004,-3.676754
0.09873248832555,-1.6213851,-3.7278976
0.104069379586391,-1.6305127,-3.7593284
0.109406270847231,-1.6369938,-3.7739244
0.114743162108072,-1.6702123,-3.8427017
0.120080053368913,-1.6840682,-3.8471706
0.125416944629753,-1.6962198,-3.8749626
0.130753835890594,-1.6982758,-3.8725066
0.136090727151434,-1.7077574,-3.928916
0.141427618412274,-1.7416283,-3.9535246
0.146764509673115,-1.7272323,-3.9905007
0.152101400933955,-1.7696021,-4.013414
0.157438292194796,-1.7801394,-4.0407925
0.162775183455636,-1.8008432,-4.0789347
0.168112074716477,-1.810087,-4.078419
0.173448965977318,-1.8130376,-4.11136
0.178785857238158,-1.8282882,-4.1464753
0.184122748498999,-1.8429891,-4.1687436
0.189459639759839,-1.866904,-4.2038946
0.19479653102068,-1.8670634,-4.2204986
0.200133422281521,-1.866612,-4.246208
0.205470313542361,-1.8797067,-4.2731647
0.210807204803202,-1.9035367,-4.277567
0.216144096064042,-1.9057391,-4.3040886
0.221480987324883,-1.9203165,-4.3359437
0.226817878585724,-1.9465891,-4.341518
0.232154769846564,-1.9549261,-4.367987
0.237491661107405,-1.9681253,-4.394192
0.242828552368245,-1.9669586,-4.399063
0.248165443629086,-1.9900818,-4.417537
0.253502334889927,-2.00322,-4.440893
0.258839226150767,-1.9906474,-4.451375
0.264176117411608,-2.0059874,-4.50177
0.269513008672448,-2.0253737,-4.504465
0.274849899933288,-2.035266,-4.5310745
0.280186791194129,-2.037637,-4.533123
0.285523682454969,-2.042589,-4.552028
0.29086057371581,-2.0614543,-4.5941296
0.29619746497665,-2.0693645,-4.6042438
0.301534356237491,-2.0657933,-4.593988
0.306871247498332,-2.0888233,-4.614598
0.312208138759172,-2.0852654,-4.648929
0.317545030020013,-2.1049035,-4.6449795
0.322881921280853,-2.1117704,-4.6700416
0.328218812541694,-2.1102371,-4.6788664
0.333555703802535,-2.130425,-4.6891065
0.338892595063375,-2.1621907,-4.7064376
0.344229486324216,-2.14404,-4.730138
0.349566377585056,-2.1612422,-4.7173157
0.354903268845897,-2.1620963,-4.75016
0.360240160106738,-2.156909,-4.7591166
0.365577051367578,-2.1666734,-4.7654166
0.370913942628419,-2.1546905,-4.76463
0.376250833889259,-2.178829,-4.7972875
0.3815877251501,-2.1774158,-4.795589
0.386924616410941,-2.186518,-4.790552
0.392261507671781,-2.2006638,-4.801897
0.397598398932621,-2.193878,-4.816401
0.402935290193462,-2.2013566,-4.8282747
0.408272181454302,-2.2219086,-4.8391395
0.413609072715143,-2.2030487,-4.8420076
0.418945963975983,-2.2278752,-4.84326
0.424282855236824,-2.2307389,-4.843518
0.429619746497664,-2.2228541,-4.852661
0.434956637758505,-2.242915,-4.8649797
0.440293529019346,-2.2285306,-4.8664184
0.445630420280186,-2.2317688,-4.862071
0.450967311541027,-2.2443898,-4.863621
0.456304202801867,-2.233189,-4.883811
0.461641094062708,-2.2369795,-4.890377
0.466977985323549,-2.2481997,-4.898896
0.472314876584389,-2.2540486,-4.877695
0.47765176784523,-2.2518833,-4.870084
0.48298865910607,-2.2388844,-4.8883195
0.488325550366911,-2.236484,-4.892334
0.493662441627752,-2.2422762,-4.866789
0.498999332888592,-2.2499986,-4.8802676
0.504336224149433,-2.2481563,-4.890665
0.509673115410273,-2.236154,-4.8608203
0.515010006671114,-2.2627442,-4.879728
0.520346897931955,-2.2496073,-4.8633256
0.525683789192795,-2.2530391,-4.872549
0.531020680453636,-2.242975,-4.877179
0.536357571714476,-2.2569408,-4.854098
0.541694462975316,-2.2377627,-4.852709
0.547031354236157,-2.2617183,-4.871116
0.552368245496997,-2.2536657,-4.847279
0.557705136757838,-2.2467632,-4.8565626
0.563042028018679,-2.2721932,-4.839079
0.568378919279519,-2.2517116,-4.8275576
0.57371581054036,-2.2216442,-4.8200736
0.5790527018012,-2.23757,-4.8136334
0.584389593062041,-2.2260675,-4.8056846
0.589726484322882,-2.2348404,-4.816504
0.595063375583722,-2.2247558,-4.790263
0.600400266844563,-2.2131324,-4.792833
0.605737158105403,-2.2392244,-4.76755
0.611074049366244,-2.2296414,-4.7677364
0.616410940627085,-2.2136934,-4.742512
0.621747831887925,-2.226867,-4.745296
0.627084723148766,-2.212501,-4.7322226
0.632421614409606,-2.2122533,-4.71336
0.637758505670447,-2.191004,-4.7278123
0.643095396931288,-2.2005014,-4.704183
0.648432288192128,-2.1766024,-4.69541
0.653769179452969,-2.1883113,-4.65129
0.659106070713809,-2.1837173,-4.6837335
0.66444296197465,-2.1615486,-4.6394925
0.66977985323549,-2.154214,-4.596334
0.67511674449633,-2.141098,-4.615908
0.680453635757171,-2.1672506,-4.584102
0.685790527018011,-2.1523268,-4.565173
0.691127418278852,-2.1653292,-4.563234
0.696464309539693,-2.1332202,-4.54442
0.701801200800533,-2.1274548,-4.524569
0.707138092061374,-2.1175072,-4.519636
0.712474983322214,-2.0981627,-4.511967
0.717811874583055,-2.110578,-4.4808965
0.723148765843896,-2.0979474,-4.4458227
0.728485657104736,-2.0871477,-4.4372835
0.733822548365577,-2.0830626,-4.4199085
0.739159439626417,-2.0831199,-4.401884
0.744496330887258,-2.067036,-4.375374
0.749833222148099,-2.033848,-4.3473887
0.755170113408939,-2.0493865,-4.321511
0.76050700466978,-2.039281,-4.3100176
0.76584389593062,-2.0342944,-4.2951446
0.771180787191461,-2.013871,-4.260868
0.776517678452302,-2.00761,-4.2421894
0.781854569713142,-1.9976147,-4.2046266
0.787191460973983,-1.9851843,-4.2053003
0.792528352234823,-1.9862604,-4.1777525
0.797865243495663,-1.9684889,-4.158626
0.803202134756504,-1.953695,-4.1091204
0.808539026017344,-1.9566152,-4.097276
0.813875917278185,-1.931972,-4.0715756
0.819212808539025,-1.9026928,-4.0546246
0.824549699799866,-1.9300362,-4.022252
0.829886591060707,-1.8971131,-3.9920125
0.835223482321547,-1.8832021,-3.9680722
0.840560373582388,-1.8856245,-3.9596987
0.845897264843228,-1.8542758,-3.9083889
0.851234156104069,-1.8413092,-3.889072
0.85657104736491,-1.8353218,-3.8826485
0.86190793862575,-1.8363302,-3.8531256
0.867244829886591,-1.8282218,-3.7983248
0.872581721147431,-1.7963027,-3.776953
0.877918612408272,-1.7981163,-3.7575305
0.883255503669113,-1.7662721,-3.71251
0.888592394929953,-1.7510371,-3.6735845
0.893929286190794,-1.7663592,-3.651582
0.899266177451634,-1.7345601,-3.6347191
0.904603068712475,-1.7322528,-3.579294
0.909939959973316,-1.7021968,-3.5432005
0.915276851234156,-1.6932502,-3.523732
0.920613742494997,-1.6789701,-3.4851522
0.925950633755837,-1.6739495,-3.4505138
0.931287525016677,-1.657152,-3.417686
0.936624416277518,-1.6527994,-3.3890698
0.941961307538358,-1.6214461,-3.3724818
0.947298198799199,-1.6196066,-3.3370163
0.952635090060039,-1.5840706,-3.2930877
0.95797198132088,-1.576585,-3.2785645
0.963308872581721,-1.5450981,-3.221365
0.968645763842561,-1.5477638,-3.1719296
0.973982655103402,-1.527712,-3.1591327
0.979319546364242,-1.5129986,-3.1265707
0.984656437625083,-1.5006993,-3.08724
0.989993328885924,-1.4958581,-3.065114
0.995330220146764,-1.455038,-3.0093246
1.0006671114076,-1.4447651,-2.9777884
1.00600400266845,-1.4301474,-2.9492173
1.01134089392929,-1.4253645,-2.9119568
1.01667778519013,-1.3839927,-2.854029
1.02201467645097,-1.382796,-2.8424935
1.02735156771181,-1.3687267,-2.7797046
1.03268845897265,-1.3391355,-2.7449174
1.03802535023349,-1.3328098,-2.7230048
1.04336224149433,-1.294321,-2.6696208
1.04869913275517,-1.2941103,-2.627871
1.05403602401601,-1.27611,-2.6066124
1.05937291527685,-1.2772336,-2.5575845
1.06470980653769,-1.2475511,-2.5035717
1.07004669779853,-1.2255222,-2.4766798
1.07538358905937,-1.1943289,-2.4437666
1.08072048032021,-1.1746347,-2.3859682
1.08605737158105,-1.1637794,-2.3730078
1.09139426284189,-1.1558427,-2.332225
1.09673115410274,-1.1273563,-2.2786205
1.10206804536358,-1.1303431,-2.2365582
1.10740493662442,-1.0933243,-2.2069597
1.11274182788526,-1.0780187,-2.152441
1.1180787191461,-1.0579493,-2.1089783
1.12341561040694,-1.0318961,-2.0718865
1.12875250166778,-1.0086651,-2.0415905
1.13408939292862,-0.98303366,-1.9958488
1.13942628418946,-0.9664652,-1.95204
1.1447631754503,-0.96441025,-1.9117583
1.15010006671114,-0.9380443,-1.8601387
1.15543695797198,-0.91354144,-1.8357635
1.16077384923282,-0.8966767,-1.7740109
1.16611074049366,-0.92106885,-1.7385126
1.1714476317545,-0.8431461,-1.6866719
1.17678452301534,-0.82198036,-1.6516805
1.18212141427618,-0.81147844,-1.6236596
1.18745830553702,-0.8130358,-1.5696352
1.19279519679786,-0.7805113,-1.5173969
1.19813208805871,-0.7659111,-1.4740353
1.20346897931955,-0.7290855,-1.4357209
1.20880587058039,-0.73170793,-1.4036
1.21414276184123,-0.7068064,-1.3628387
1.21947965310207,-0.6838333,-1.3000119
1.22481654436291,-0.6609527,-1.2491792
1.23015343562375,-0.64591444,-1.2233475
1.23549032688459,-0.61701816,-1.1660343
1.24082721814543,-0.597638,-1.1197487
1.24616410940627,-0.5631691,-1.0866026
1.25150100066711,-0.5511178,-1.0556979
1.25683789192795,-0.5467341,-0.9880861
1.26217478318879,-0.5232328,-0.95775175
1.26751167444963,-0.49352804,-0.91019386
1.27284856571047,-0.47263908,-0.8582078
1.27818545697131,-0.47480202,-0.8252608
1.28352234823215,-0.44189715,-0.7779473
1.28885923949299,-0.42248225,-0.7447213
1.29419613075384,-0.38698745,-0.68768454
1.29953302201468,-0.36894596,-0.63977337
1.30486991327552,-0.35323817,-0.592756
1.31020680453636,-0.3268358,-0.5653624
1.3155436957972,-0.3235858,-0.4967856
1.32088058705804,-0.28894973,-0.45070285
1.32621747831888,-0.25844902,-0.4278769
1.33155436957972,-0.23793292,-0.36627585
1.33689126084056,-0.23658152,-0.3284233
1.3422281521014,-0.215204,-0.2866243
1.34756504336224,-0.18264437,-0.23213243
1.35290193462308,-0.17211437,-0.17823039
1.35823882588392,-0.14118227,-0.1400205
1.36357571714476,-0.13433646,-0.09517511
1.3689126084056,-0.0891547,-0.052161414
1.37424949966644,-0.07251296,-0.009211472
1.37958639092728,-0.067750864,0.025594331
1.38492328218813,-0.03019751,0.07381815
1.39026017344897,-0.025900688,0.113879345
1.39559706470981,0.017568454,0.17112887
1.40093395597065,0.0059694387,0.21239947
1.40627084723149,0.05164395,0.2687635
1.41160773849233,0.057950027,0.2953434
1.41694462975317,0.07450645,0.34016323
1.42228152101401,0.10307752,0.39566758
1.42761841227485,0.13823873,0.43301237
1.43295530353569,0.14612246,0.47485825
1.43829219479653,0.1599847,0.5427367
1.44362908605737,0.19198944,0.5740014
1.44896597731821,0.22153768,0.6168743
1.45430286857905,0.22791784,0.6553246
1.45963975983989,0.24799573,0.6960248
1.46497665110073,0.27104568,0.74276215
1.47031354236157,0.30076414,0.80336106
1.47565043362241,0.3035402,0.827622
1.48098732488326,0.33501634,0.8662621
1.4863242161441,0.3447047,0.9037916
1.49166110740494,0.390012,0.96110344
1.49699799866578,0.403382,1.0049441
1.50233488992662,0.4160582,1.0559835
1.50767178118746,0.46251354,1.0998528
1.5130086724483,0.44287378,1.1269245
1.51834556370914,0.4807725,1.162616
1.52368245496998,0.5012066,1.2243223
1.52901934623082,0.5241686,1.2527407
1.53435623749166,0.53829813,1.3001602
1.5396931287525,0.54802454,1.3405609
1.54503002001334,0.57610255,1.3705883
1.55036691127418,0.60528046,1.4255625
1.55570380253502,0.6178487,1.4600481
1.56104069379586,0.634511,1.5256668
1.5663775850567,0.6632581,1.5510477
1.57171447631754,0.6783567,1.6110551
1.57705136757839,0.69357955,1.637467
1.58238825883923,0.7117769,1.6594043
1.58772515010007,0.74879616,1.7200301
1.59306204136091,0.7475762,1.753739
1.59839893262175,0.7695734,1.7974634
1.60373582388259,0.7773661,1.8237723
1.60907271514343,0.8209311,1.8653461
1.61440960640427,0.84759516,1.9008253
1.61974649766511,0.8577974,1.9506651
1.62508338892595,0.88004774,1.9961556
1.63042028018679,0.8847808,2.0305665
1.63575717144763,0.9082274,2.0543303
1.64109406270847,0.9511563,2.1202397
1.64643095396931,0.9423346,2.1262598
1.65176784523015,0.9828777,2.1939437
1.65710473649099,0.97910887,2.215258
1.66244162775183,0.996398,2.2539575
1.66777851901267,1.0067043,2.2972674
1.67311541027351,1.0376823,2.340753
1.67845230153436,1.0644084,2.3843465
1.6837891927952,1.0599657,2.3990774
1.68912608405604,1.0990782,2.4481852
1.69446297531688,1.1162376,2.481071
1.69979986657772,1.1114435,2.5146694
1.70513675783856,1.144712,2.5563867
1.7104736490994,1.1617639,2.5992289
1.71581054036024,1.1754295,2.602863
1.72114743162108,1.1870457,2.6490066
1.72648432288192,1.2302586,2.6862648
1.73182121414276,1.2478265,2.72501
1.7371581054036,1.2551994,2.751107
1.74249499666444,1.2786561,2.812702
1.74783188792528,1.2830925,2.815192
1.75316877918612,1.2862006,2.8396838
1.75850567044696,1.327681,2.884576
1.76384256170781,1.3377712,2.917206
1.76917945296865,1.3368899,2.936998
1.77451634422949,1.3855973,2.9786336
1.77985323549033,1.3805398,3.005483
1.78519012675117,1.389076,3.0309863
1.79052701801201,1.3940651,3.0811207
1.79586390927285,1.431205,3.1105561
1.80120080053369,1.4386101,3.1378486
1.80653769179453,1.4426752,3.1494763
1.81187458305537,1.4720337,3.193515
1.81721147431621,1.4953622,3.2272644
1.82254836557705,1.5044868,3.2430675
1.82788525683789,1.50793,3.260855
1.83322214809873,1.5388268,3.2827187
1.83855903935957,1.5473593,3.3281772
1.84389593062041,1.5665648,3.3557673
1.84923282188125,1.5763127,3.3819616
1.85456971314209,1.599858,3.4038231
1.85990660440293,1.5999413,3.4267375
1.86524349566378,1.5992193,3.485456
1.87058038692462,1.6165462,3.4926302
1.87591727818546,1.6485327,3.5097182
1.8812541694463,1.6659412,3.520938
1.88659106070714,1.665347,3.5357661
1.89192795196798,1.6849308,3.5884378
1.89726484322882,1.6813841,3.6015391
1.90260173448966,1.7099165,3.6095912
1.9079386257505,1.7110432,3.6309419
1.91327551701134,1.741781,3.6730332
1.91861240827218,1.746937,3.6768148
1.92394929953302,1.742894,3.69654
1.92928619079386,1.7643383,3.735532
1.9346230820547,1.7671123,3.761812
1.93995997331554,1.7781041,3.7875485
1.94529686457638,1.8146037,3.7958112
1.95063375583722,1.8144152,3.818086
1.95597064709806,1.8226281,3.837012
1.96130753835891,1.8210685,3.8662171
1.96664442961975,1.8389634,3.8634195
1.97198132088059,1.8597577,3.8852913
1.97731821214143,1.8594564,3.8917391
1.98265510340227,1.8843312,3.919122
1.98799199466311,1.8779633,3.9376886
1.99332888592395,1.8826349,3.9466152
1.99866577718479,1.8867282,3.9659703
2.00400266844563,1.9098418,3.9859223
2.00933955970647,1.9326789,3.995488
2.01467645096731,1.9232084,4.0020995
2.02001334222815,1.9346831,4.0195856
2.02535023348899,1.9355329,4.0401773
2.03068712474983,1.9574444,4.0598826
2.03602401601067,1.9360279,4.0644755
2.04136090727151,1.9577986,4.080557
2.04669779853235,1.9846076,4.0847116
2.05203468979319,1.9802121,4.094061
2.05737158105404,1.9926941,4.0971766
2.06270847231488,2.014562,4.11489
2.06804536357572,2.0219305,4.1231494
2.07338225483656,2.010359,4.1358852
2.0787191460974,2.0262165,4.141956
2.08405603735824,2.0408285,4.1682434
2.08939292861908,2.0365546,4.159503
2.09472981987992,2.0376368,4.171715
2.10006671114076,2.0318842,4.1773477
2.1054036024016,2.0506501,4.1766043
2.11074049366244,2.0791202,4.1964
2.11607738492328,2.0590065,4.1844254
2.12141427618412,2.0653079,4.2111616
2.12675116744496,2.063108,4.222058
2.1320880587058,2.0814807,4.2101073
2.13742494996664,2.0870147,4.2094145
2.14276184122748,2.099737,4.223838
2.14809873248833,2.0813625,4.2143354
2.15343562374917,2.0908058,4.2217894
2.15877251501001,2.1032727,4.2327666
2.16410940627085,2.0884278,4.231856
2.16944629753169,2.0999,4.217977
2.17478318879253,2.1110137,4.2254224
2.18012008005337,2.123382,4.2430634
2.18545697131421,2.118917,4.225294
2.19079386257505,2.1265001,4.2195473
2.19613075383589,2.0988603,4.2040606
2.20146764509673,2.1436496,4.2144303
2.20680453635757,2.1364179,4.218252
2.21214142761841,2.1394637,4.221696
2.21747831887925,2.1511636,4.224578
2.22281521014009,2.137977,4.1945753
2.22815210140093,2.132045,4.2158694
2.23348899266177,2.1379037,4.191314
2.23882588392261,2.128379,4.1809535
2.24416277518346,2.1331084,4.1808815
2.2494996664443,2.1426563,4.1728487
2.25483655770514,2.1287987,4.1649714
2.26017344896598,2.1429825,4.1718683
2.26551034022682,2.1660762,4.1710515
2.27084723148766,2.150899,4.1471486
2.2761841227485,2.1306107,4.1617227
2.28152101400934,2.1348987,4.1245666
2.28685790527018,2.1622887,4.139943
2.29219479653102,2.133725,4.1287055
2.29753168779186,2.141344,4.1135917
2.3028685790527,2.1417727,4.1017284
2.30820547031354,2.1364806,4.077849
2.31354236157438,2.1335335,4.0661654
2.31887925283522,2.146979,4.039259
2.32421614409606,2.1324308,4.038189
2.3295530353569,2.137146,4.025867
2.33488992661774,2.1445017,4.020598
2.34022681787858,2.1354537,3.9926028
2.34556370913943,2.1535337,3.9992058
2.35090060040027,2.1335733,3.9816065
2.35623749166111,2.1287513,3.9724584
2.36157438292195,2.1269581,3.9617257
2.36691127418279,2.1456828,3.930984
2.37224816544363,2.1318064,3.9128776
2.37758505670447,2.113855,3.9001527
2.38292194796531,2.1244595,3.884588
2.38825883922615,2.1139343,3.8629088
2.39359573048699,2.0969756,3.8330097
2.39893262174783,2.106295,3.8306777
2.40426951300867,2.1019418,3.796102
2.40960640426951,2.0951486,3.7701354
2.41494329553035,2.102745,3.7602441
2.42028018679119,2.0965679,3.737664
2.42561707805203,2.0835998,3.7145307
2.43095396931287,2.0845008,3.6830812
2.43629086057371,2.0646775,3.6834216
2.44162775183456,2.0822535,3.6462562
2.4469646430954,2.0639062,3.6502278
2.45230153435624,2.0485923,3.5905473
2.45763842561708,2.0468948,3.5773094
2.46297531687792,2.0327685,3.5721965
2.46831220813876,2.0377274,3.5206587
2.4736490993996,2.035382,3.5137687
2.47898599066044,2.0257313,3.4855876
2.48432288192128,2.020602,3.4580214
2.48965977318212,2.011934,3.4126756
2.49499666444296,2.0061314,3.4231544
2.5003335557038,1.9973152,3.378562
2.50567044696464,1.9735028,3.3506222
2.51100733822548,1.9915715,3.3085222
2.51634422948632,1.9766192,3.2918365
2.52168112074716,1.9641609,3.2744122
2.52701801200801,1.9584732,3.225545
2.53235490326885,1.9699384,3.2090251
2.53769179452969,1.9564899,3.1886277
2.54302868579053,1.9596694,3.128114
2.54836557705137,1.9430746,3.1162894
2.55370246831221,1.9242601,3.0693376
2.55903935957305,1.9120826,3.0605888
2.56437625083389,1.9036556,3.017993
2.56971314209473,1.9018308,2.978522
2.57505003335557,1.8964382,2.9464104
2.58038692461641,1.9068035,2.9216607
2.58572381587725,1.8933529,2.881309
2.59106070713809,1.8639019,2.8490682
2.59639759839893,1.876919,2.8042164
2.60173448965977,1.87618,2.7803752
2.60707138092061,1.8320416,2.7399573
2.61240827218145,1.8379556,2.7091794
2.61774516344229,1.8327196,2.66203
2.62308205470313,1.8123637,2.642721
2.62841894596398,1.8023682,2.5949523
2.63375583722482,1.796962,2.544212
2.63909272848566,1.7824872,2.5182045
2.6444296197465,1.7983073,2.4831977
2.64976651100734,1.7663602,2.4513307
2.65510340226818,1.7689826,2.4147916
2.66044029352902,1.7682133,2.3757017
2.66577718478986,1.7612655,2.3180714
2.6711140760507,1.710081,2.283894
2.67645096731154,1.7264074,2.2580295
2.68178785857238,1.7150512,2.2227626
2.68712474983322,1.7074958,2.1708822
2.69246164109406,1.6906337,2.1339405
2.6977985323549,1.6875228,2.0840576
2.70313542361574,1.6762387,2.0577376
2.70847231487658,1.6686338,2.0082524
2.71380920613742,1.6389548,1.9784541
2.71914609739826,1.6103665,1.9154534
2.72448298865911,1.6209078,1.8856905
2.72981987991995,1.6342736,1.8290534
2.73515677118079,1.6092411,1.7881836
2.74049366244163,1.5886263,1.7554432
2.74583055370247,1.5627766,1.7087947
2.75116744496331,1.5668066,1.6592627
2.75650433622415,1.5719185,1.6148537
2.76184122748499,1.558161,1.576001
2.76717811874583,1.5231167,1.4998296
2.77251501000667,1.5177242,1.4827296
2.77785190126751,1.5115318,1.4236256
2.78318879252835,1.5246685,1.3764536
2.78852568378919,1.5086492,1.3346221
2.79386257505003,1.47857,1.2981474
2.79919946631087,1.470546,1.2401528
2.80453635757171,1.4562142,1.1889975
2.80987324883255,1.4458059,1.1603587
2.8152101400934,1.4347465,1.1120006
2.82054703135424,1.426276,1.0390222
2.82588392261508,1.3951368,1.008768
2.83122081387592,1.3962966,0.94065905
2.83655770513676,1.3730688,0.9124161
2.8418945963976,1.3720044,0.87470657
2.84723148765844,1.3691405,0.8315405
2.85256837891928,1.3533974,0.7597125
2.85790527018012,1.3411847,0.70193714
2.86324216144096,1.3339268,0.6595807
2.8685790527018,1.3102632,0.63316286
2.87391594396264,1.3074915,0.5623298
2.87925283522348,1.2939084,0.502647
2.88458972648432,1.3004048,0.46265194
2.88992661774516,1.2777169,0.40779904
2.895263509006,1.2755963,0.3659919
2.90060040026684,1.2525748,0.31673545
2.90593729152768,1.236918,0.2728349
2.91127418278853,1.256788,0.2089504
2.91661107404937,1.2356961,0.15836422
2.92194796531021,1.198529,0.11588958
2.92728485657105,1.1876479,0.07156492
2.93262174783189,1.1661768,-0.0063359127
2.93795863909273,1.183104,-0.033877335
2.94329553035357,1.1462536,-0.11075751
2.94863242161441,1.1714995,-0.16146873
2.95396931287525,1.1301504,-0.2047901
2.95930620413609,1.1373383,-0.2580129
2.96464309539693,1.0947441,-0.29781312
2.96997998665777,1.0872517,-0.36084023
2.97531687791861,1.1009741,-0.42732292
2.98065376917945,1.076144,-0.4790706
2.98599066044029,1.0575906,-0.5215163
2.99132755170113,1.0604362,-0.5717233
2.99666444296197,1.054,-0.6339433
3.00200133422281,1.0403203,-0.65743744
3.00733822548366,1.0276291,-0.7387464
3.0126751167445,1.0328707,-0.7938974
3.01801200800534,0.9921782,-0.8353315
3.02334889926618,0.99134326,-0.8993899
3.02868579052702,0.994337,-0.9363787
3.03402268178786,0.9663579,-1.0063845
3.0393595730487,0.97201425,-1.0660644
3.04469646430954,0.9600803,-1.1204196
3.05003335557038,0.94726205,-1.1819859
3.05537024683122,0.9322785,-1.2158706
3.06070713809206,0.9295467,-1.2681867
3.0660440293529,0.9102253,-1.3211833
3.07138092061374,0.926805,-1.3873266
3.07671781187458,0.8936958,-1.4251696
3.08205470313542,0.8928952,-1.4918997
3.08739159439626,0.8652711,-1.5413806
3.0927284856571,0.8816033,-1.5943999
3.09806537691794,0.8551091,-1.6574429
3.10340226817878,0.8471111,-1.7051717
3.10873915943963,0.84457636,-1.76188
3.11407605070047,0.8391638,-1.8260766
3.11941294196131,0.8240938,-1.8644816
3.12474983322215,0.81794614,-1.9331677
3.13008672448299,0.81317085,-1.9781505
3.13542361574383,0.79594916,-2.0458827
3.14076050700467,0.79086417,-2.0862422
3.14609739826551,0.7958096,-2.1501184
3.15143428952635,0.77631843,-2.1934195
3.15677118078719,0.77183855,-2.2599053
3.16210807204803,0.77340025,-2.3091073
3.16744496330887,0.7708224,-2.3611696
3.17278185456971,0.7504286,-2.4152358
3.17811874583055,0.7380447,-2.4479415
3.18345563709139,0.746178,-2.530647
3.18879252835223,0.74558675,-2.5899222
3.19412941961308,0.7160566,-2.61752
3.19946631087392,0.73695135,-2.6723895
3.20480320213476,0.7049176,-2.7429142
3.2101400933956,0.72471434,-2.7960079
3.21547698465644,0.68910813,-2.8339639
3.22081387591728,0.70503294,-2.9026694
3.22615076717812,0.6942149,-2.946435
3.23148765843896,0.67150706,-3.0068817
3.2368245496998,0.6709844,-3.0592432
3.24216144096064,0.66641873,-3.1188633
3.24749833222148,0.6555624,-3.1652832
3.25283522348232,0.6504362,-3.2190218
3.25817211474316,0.6509163,-3.285515
3.263509006004,0.642935,-3.3267322
3.26884589726484,0.64862376,-3.3741903
3.27418278852568,0.6415241,-3.4251864
3.27951967978652,0.6300602,-3.4605808
3.28485657104736,0.61748827,-3.5370739
3.2901934623082,0.6468376,-3.5897548
3.29553035356905,0.6179716,-3.6329098
3.30086724482989,0.6237665,-3.6924486
3.30620413609073,0.6458241,-3.726813
3.31154102735157,0.6218221,-3.78058
3.31687791861241,0.631425,-3.8444068
3.32221480987325,0.5858776,-3.9104226
3.32755170113409,0.623446,-3.944568
3.33288859239493,0.6341975,-3.9921448
3.33822548365577,0.6140618,-4.0541844
3.34356237491661,0.6410836,-4.072503
3.34889926617745,0.63089585,-4.131035
3.35423615743829,0.6300434,-4.180088
3.35957304869913,0.6331762,-4.2432156
3.36490993995997,0.59102684,-4.2921677
3.37024683122081,0.63058275,-4.3395643
3.37558372248165,0.6421178,-4.3715134
3.38092061374249,0.6295383,-4.439258
3.38625750500333,0.62139827,-4.4831715
3.39159439626418,0.6275238,-4.5146246
3.39693128752502,0.6246477,-4.573663
3.40226817878586,0.6328415,-4.615066
3.4076050700467,0.6357706,-4.676677
3.41294196130754,0.6401266,-4.709023
3.41827885256838,0.63719475,-4.7541313
3.42361574382922,0.62915426,-4.797653
3.42895263509006,0.6398131,-4.839299
3.4342895263509,0.6459867,-4.9205346
3.43962641761174,0.65994537,-4.939998
3.44496330887258,0.6625982,-4.9952044
3.45030020013342,0.67181945,-5.029381
3.45563709139426,0.66350603,-5.0789094
3.4609739826551,0.6716122,-5.1313515
3.46631087391594,0.67536175,-5.1739674
3.47164776517678,0.6996234,-5.233621
3.47698465643762,0.6685871,-5.2505064
3.48232154769846,0.7050363,-5.2982283
3.48765843895931,0.7042758,-5.340217
3.49299533022015,0.70496553,-5.393798
3.49833222148099,0.7187804,-5.4193563
3.50366911274183,0.73380697,-5.4655676
3.50900600400267,0.74809986,-5.4970818
3.51434289526351,0.76304823,-5.552841
3.51967978652435,0.7477321,-5.607761
3.52501667778519,0.77850324,-5.6239114
3.53035356904603,0.77488095,-5.665423
3.53569046030687,0.7897721,-5.7105584
3.54102735156771,0.78820336,-5.7429667
3.54636424282855,0.80230916,-5.7780643
3.55170113408939,0.80105376,-5.805836
3.55703802535023,0.8305018,-5.878489
3.56237491661107,0.84344995,-5.903378
3.56771180787191,0.8404262,-5.9333005
3.57304869913275,0.8674245,-5.9737506
3.5783855903936,0.87503487,-6.0018945
3.58372248165444,0.88364154,-6.0549827
3.58905937291528,0.89029056,-6.0758944
3.59439626417612,0.9170127,-6.1295843
3.59973315543696,0.9221653,-6.1346946
3.6050700466978,0.94830227,-6.19755
3.61040693795864,0.95530707,-6.2082806
3.61574382921948,0.9923314,-6.2660494
3.62108072048032,0.98487186,-6.27158
3.62641761174116,1.0133947,-6.3177514
3.631754503002,1.0306525,-6.3438597
3.63709139426284,1.043022,-6.3871403
3.64242828552368,1.063915,-6.4126377
3.64776517678452,1.066367,-6.449589
3.65310206804536,1.089811,-6.478336
3.6584389593062,1.1041007,-6.5282545
3.66377585056704,1.1303351,-6.5491533
3.66911274182788,1.1642247,-6.5665755
3.67444963308873,1.1598324,-6.5954514
3.67978652434957,1.203874,-6.630646
3.68512341561041,1.2160152,-6.6520295
3.69046030687125,1.2352159,-6.676844
3.69579719813209,1.2559879,-6.720721
3.70113408939293,1.2677528,-6.7302074
3.70647098065377,1.311217,-6.7576413
3.71180787191461,1.3279082,-6.774871
3.71714476317545,1.3548237,-6.783968
3.72248165443629,1.3677771,-6.828086
3.72781854569713,1.3794258,-6.861293
3.73315543695797,1.4407489,-6.87542
3.73849232821881,1.4476237,-6.886297
3.74382921947965,1.46887,-6.9291697
3.74916611074049,1.5042589,-6.926286
3.75450300200133,1.5337969,-6.9748
3.75983989326217,1.5424612,-6.987403
3.76517678452301,1.5829873,-7.017227
3.77051367578385,1.610909,-7.024619
3.7758505670447,1.6317929,-7.042753
3.78118745830554,1.6600363,-7.0606694
3.78652434956638,1.6780342,-7.0782967
3.79186124082722,1.7093732,-7.1049695
3.79719813208806,1.743552,-7.132663
3.8025350233489,1.7868707,-7.112729
3.80787191460974,1.819062,-7.163492
3.81320880587058,1.8587527,-7.179013
3.81854569713142,1.8714857,-7.1740417
3.82388258839226,1.9091854,-7.17924
3.8292194796531,1.9443982,-7.2006235
3.83455637091394,1.9614787,-7.2356453
3.83989326217478,2.014009,-7.225522
3.84523015343562,2.0440104,-7.257451
3.85056704469646,2.0752583,-7.262413
3.8559039359573,2.116306,-7.2700996
3.86124082721815,2.1508157,-7.282323
3.86657771847898,2.1808858,-7.2832694
3.87191460973983,2.194683,-7.3065643
3.87725150100067,2.2331247,-7.3222594
3.88258839226151,2.2992551,-7.3394
3.88792528352235,2.3442416,-7.300801
3.89326217478319,2.3653395,-7.3315187
3.89859906604403,2.4133203,-7.3437366
3.90393595730487,2.451431,-7.3201127
3.90927284856571,2.4757264,-7.3522453
3.91460973982655,2.5356767,-7.360522
3.91994663108739,2.570742,-7.3569427
3.92528352234823,2.5908144,-7.3420086
3.93062041360907,2.6531696,-7.3636603
3.93595730486991,2.6934154,-7.3700333
3.94129419613075,2.738083,-7.374345
3.94663108739159,2.7750754,-7.3799543
3.95196797865243,2.8021278,-7.3662367
3.95730486991327,2.87622,-7.3950243
3.96264176117412,2.899198,-7.364932
3.96797865243496,2.9665813,-7.3758316
3.9733155436958,2.9874358,-7.366913
3.97865243495664,3.0388577,-7.353638
3.98398932621748,3.1113741,-7.3555565
3.98932621747832,3.1490607,-7.3711286
3.99466310873916,3.1862178,-7.3650546
4.0,3.2307782,-7.3560686
